Book,Recipe_Name,Page,Section,Ingredient_Raw,Quantity,Unit,Ingredient_Name,Notes
Keto,Blueberry Pie,12,Base,1 VANILLA PROTEIN SHAKE (350-400ML),1,,Vanilla Protein Shake,350-400ML
Keto,Blueberry Pie,12,Base,20-25G SWEETENER (CODE ELI15 SAVES YOU 15%),20-25,g,Sweetener,CODE ELI15 SAVES YOU 15%
Keto,Blueberry Pie,12,Base,2.5G (½ TSP) VANILLA BEAN PASTE (OR EXTRACT),2.5,g,Vanilla Bean Paste,Alt measurement: ½ TSP; OR EXTRACT
Keto,Blueberry Pie,12,Base,A PINCH OF SALT,A pinch,pinch,Salt,
Keto,Blueberry Pie,12,Base,1G (¼ TSP) XANTHAN GUM,1,g,Xanthan Gum,Alt measurement: ¼ TSP
Keto,Blueberry Pie,12,Mix-in,50G FROZEN BLUEBERRIES,50,g,Frozen Blueberries,
Keto,Blueberry Pie,12,Mix-in,"2 NILLA WAFERS, CRUMBLED (CAN SUB WITH GRAHAM CRACKERS OR SHORTBREAD)",2,,"Nilla Wafers, Crumbled",CAN SUB WITH GRAHAM CRACKERS OR SHORTBREAD
Keto,Brownie Batter,14,Base,1 CHOCOLATE PROTEIN SHAKE (350-400ML),1,,Chocolate Protein Shake,350-400ML
Keto,Brownie Batter,14,Base,20G SWEETENER (CODE ELI15 SAVES YOU 15%),20,g,Sweetener,CODE ELI15 SAVES YOU 15%
Keto,Brownie Batter,14,Base,20G BLACK COCOA POWDER,20,g,Black Cocoa Powder,
Keto,Brownie Batter,14,Base,A PINCH OF SALT,A pinch,pinch,Salt,
Keto,Brownie Batter,14,Base,1G (¼ TSP) XANTHAN GUM,1,g,Xanthan Gum,Alt measurement: ¼ TSP
Keto,Brownie Batter Blizzard,16,Base,1 CHOCOLATE PROTEIN SHAKE (350-400ML),1,,Chocolate Protein Shake,350-400ML
Keto,Brownie Batter Blizzard,16,Base,20-25G SWEETENER (CODE ELI15 SAVES YOU 15%),20-25,g,Sweetener,CODE ELI15 SAVES YOU 15%
Keto,Brownie Batter Blizzard,16,Base,10G BLACK COCOA POWDER,10,g,Black Cocoa Powder,
Keto,Brownie Batter Blizzard,16,Base,10G COCOA POWDER,10,g,Cocoa Powder,
Keto,Brownie Batter Blizzard,16,Base,A PINCH OF SALT,A pinch,pinch,Salt,
Keto,Brownie Batter Blizzard,16,Base,1G (¼ TSP) XANTHAN GUM,1,g,Xanthan Gum,Alt measurement: ¼ TSP
Keto,Brownie Batter Blizzard,16,Mix-in,½ OF A PRIME BITES PROTEIN BROWNIE (CODE FPF SAVES YOU 15%),½,,Prime Bites Protein Brownie,CODE FPF SAVES YOU 15%
Keto,Cake Batter,18,Base,1 VANILLA PROTEIN SHAKE (350-400ML),1,,Vanilla Protein Shake,350-400ML
Keto,Cake Batter,18,Base,5G (1 TSP) MCCORMICK CAKE BATTER EXTRACT,5,g,Mccormick Cake Batter Extract,Alt measurement: 1 TSP
Keto,Cake Batter,18,Base,2.5G (½ TSP) VANILLA BEAN PASTE (OR EXTRACT),2.5,g,Vanilla Bean Paste,Alt measurement: ½ TSP; OR EXTRACT
Keto,Cake Batter,18,Base,20-25G SWEETENER (CODE ELI15 SAVES YOU 15%),20-25,g,Sweetener,CODE ELI15 SAVES YOU 15%
Keto,Cake Batter,18,Base,1G (¼ TSP) SALT,1,g,Salt,Alt measurement: ¼ TSP
Keto,Cake Batter,18,Base,1G (¼ TSP) XANTHAN GUM,1,g,Xanthan Gum,Alt measurement: ¼ TSP
Keto,Chocolate,20,Base,1 CHOCOLATE PROTEIN SHAKE (350-400ML),1,,Chocolate Protein Shake,350-400ML
Keto,Chocolate,20,Base,20G SWEETENER (CODE ELI15 SAVES YOU 15%),20,g,Sweetener,CODE ELI15 SAVES YOU 15%
Keto,Chocolate,20,Base,10G COCOA POWDER,10,g,Cocoa Powder,
Keto,Chocolate,20,Base,A PINCH OF SALT,A pinch,pinch,Salt,
Keto,Chocolate,20,Base,1G (¼ TSP) XANTHAN GUM,1,g,Xanthan Gum,Alt measurement: ¼ TSP
Keto,Chocolate Cake Shake,22,Base,1 CHOCOLATE PROTEIN SHAKE (350-400ML),1,,Chocolate Protein Shake,350-400ML
Keto,Chocolate Cake Shake,22,Base,20G SWEETENER (CODE ELI15 SAVES YOU 15%),20,g,Sweetener,CODE ELI15 SAVES YOU 15%
Keto,Chocolate Cake Shake,22,Base,10G COCOA POWDER,10,g,Cocoa Powder,
Keto,Chocolate Cake Shake,22,Base,A PINCH OF SALT,A pinch,pinch,Salt,
Keto,Chocolate Cake Shake,22,Base,1G (¼ TSP) XANTHAN GUM,1,g,Xanthan Gum,Alt measurement: ¼ TSP
Keto,Chocolate Cake Shake,22,Mix-in,1 LEGENDARY FOODS CHOCOLATE CAKE PROTEIN PASTRY,1,,Legendary Foods Chocolate Cake Protein Pastry,
Keto,Chocolate Covered Strawberry,24,Base,1 STRAWBERRY PROTEIN SHAKE (350-400ML),1,,Strawberry Protein Shake,350-400ML
Keto,Chocolate Covered Strawberry,24,Base,20-25G SWEETENER (CODE ELI15 SAVES YOU 15%),20-25,g,Sweetener,CODE ELI15 SAVES YOU 15%
Keto,Chocolate Covered Strawberry,24,Base,A PINCH OF SALT,A pinch,pinch,Salt,
Keto,Chocolate Covered Strawberry,24,Base,1G (¼ TSP) XANTHAN GUM,1,g,Xanthan Gum,Alt measurement: ¼ TSP
Keto,Chocolate Covered Strawberry,24,Mix-in,1 HEAPING TABLESPOON OF STRAWBERRY JAM (I USED LOW SUGAR SMUCKERS),1,,Heaping Tablespoon Of Strawberry Jam,I USED LOW SUGAR SMUCKERS
Keto,Chocolate Covered Strawberry,24,Mix-in,15G CHOCOLATE CHIPS + 2G COCONUT OIL,15,g,Chocolate Chips + 2G Coconut Oil,
Keto,Chocolate Fudge Brownie,26,Base,1 CHOCOLATE PROTEIN SHAKE (350-400ML),1,,Chocolate Protein Shake,350-400ML
Keto,Chocolate Fudge Brownie,26,Base,20G SWEETENER (CODE ELI15 SAVES YOU 15%),20,g,Sweetener,CODE ELI15 SAVES YOU 15%
Keto,Chocolate Fudge Brownie,26,Base,10G COCOA POWDER,10,g,Cocoa Powder,
Keto,Chocolate Fudge Brownie,26,Base,A PINCH OF SALT,A pinch,pinch,Salt,
Keto,Chocolate Fudge Brownie,26,Base,1G (¼ TSP) XANTHAN GUM,1,g,Xanthan Gum,Alt measurement: ¼ TSP
Keto,Chocolate Fudge Brownie,26,Mix-in,½ OF A PRIME BITES PROTEIN BROWNIE (CODE FPF SAVES YOU 15%),½,,Prime Bites Protein Brownie,CODE FPF SAVES YOU 15%
Keto,Coffee,28,Base,1 VANILLA PROTEIN SHAKE (350-400ML),1,,Vanilla Protein Shake,350-400ML
Keto,Coffee,28,Base,20-25G SWEETENER (CODE ELI15 SAVES YOU 15%),20-25,g,Sweetener,CODE ELI15 SAVES YOU 15%
Keto,Coffee,28,Base,1 SHOT ESPRESSO (FEEL FREE TO SUB FOR 1 TBSP OF INSTANT COFFEE OR A COMETEER POD),1,shot,Espresso,Alt measurement: FEEL FREE TO SUB FOR 1 TBSP OF INSTANT COFFEE OR A COMETEER POD
Keto,Coffee,28,Base,A PINCH OF SALT,A pinch,pinch,Salt,
Keto,Coffee,28,Base,1G (¼ TSP) XANTHAN GUM,1,g,Xanthan Gum,Alt measurement: ¼ TSP
Keto,Death By Chocolate,30,Base,1 CHOCOLATE PROTEIN SHAKE (350-400ML),1,,Chocolate Protein Shake,350-400ML
Keto,Death By Chocolate,30,Base,20-25G SWEETENER (CODE ELI15 SAVES YOU 15%),20-25,g,Sweetener,CODE ELI15 SAVES YOU 15%
Keto,Death By Chocolate,30,Base,10G COCOA POWDER,10,g,Cocoa Powder,
Keto,Death By Chocolate,30,Base,A PINCH OF SALT,A pinch,pinch,Salt,
Keto,Death By Chocolate,30,Base,1G (¼ TSP) XANTHAN GUM,1,g,Xanthan Gum,Alt measurement: ¼ TSP
Keto,Death By Chocolate,30,Mix-in,½ OF A PRIME BITES PROTEIN BROWNIE (CODE FPF SAVES YOU 15%),½,,Prime Bites Protein Brownie,CODE FPF SAVES YOU 15%
Keto,Death By Chocolate,30,Mix-in,"¾ OF A HORMBLES CHORMBLES CHOCOLATE BAR (100 CAL, 10G PROTEIN CANDY BAR – CAN SUB WITH ANY KIND OF CHOCOLATE)",¾,,Hormbles Chormbles Chocolate Bar,"100 CAL, 10G PROTEIN CANDY BAR – CAN SUB WITH ANY KIND OF CHOCOLATE"
Keto,Dr Pepper Float,32,Base,8 OZ VANILLA PROTEIN SHAKE,8,oz,Vanilla Protein Shake,
Keto,Dr Pepper Float,32,Base,8 OZ DIET DR PEPPER,8,oz,Diet Dr Pepper,
Keto,Dr Pepper Float,32,Base,20-25G SWEETENER (CODE ELI15 SAVES YOU 15%),20-25,g,Sweetener,CODE ELI15 SAVES YOU 15%
Keto,Dr Pepper Float,32,Base,A PINCH OF SALT,A pinch,pinch,Salt,
Keto,Dr Pepper Float,32,Base,1G (¼ TSP) XANTHAN GUM,1,g,Xanthan Gum,Alt measurement: ¼ TSP
Keto,Frosted Lemonade,34,Base,400G ZERO SUGAR LEMONADE (MY FAVORITE IS THE ONE FROM MINUTE MAID),400,g,Zero Sugar Lemonade,MY FAVORITE IS THE ONE FROM MINUTE MAID
Keto,Frosted Lemonade,34,Base,1 SCOOP VANILLA PROTEIN POWDER,1,scoop,Vanilla Protein Powder,
Keto,Frosted Lemonade,34,Base,THE ZEST AND JUICE OF A ¼-½ OF A LEMON,,,The Zest And Juice Of A ¼-½ Of A Lemon,
Keto,Frosted Lemonade,34,Base,⅛ TSP XANTHAN GUM,⅛,tsp,Xanthan Gum,
Keto,Frosted Lemonade,34,Base,10G SWEETENER (CODE ELI15 SAVES YOU 15%),10,g,Sweetener,CODE ELI15 SAVES YOU 15%
Keto,Jamoca Almond Fudge,36,Base,1 VANILLA PROTEIN SHAKE (350-400ML),1,,Vanilla Protein Shake,350-400ML
Keto,Jamoca Almond Fudge,36,Base,1 SHOT ESPRESSO (FEEL FREE TO SUB FOR 1 TBSP OF INSTANT COFFEE OR A COMETEER POD),1,shot,Espresso,Alt measurement: FEEL FREE TO SUB FOR 1 TBSP OF INSTANT COFFEE OR A COMETEER POD
Keto,Jamoca Almond Fudge,36,Base,20-25G SWEETENER (CODE ELI15 SAVES YOU 15%),20-25,g,Sweetener,CODE ELI15 SAVES YOU 15%
Keto,Jamoca Almond Fudge,36,Base,A PINCH OF SALT,A pinch,pinch,Salt,
Keto,Jamoca Almond Fudge,36,Base,1G (¼ TSP) XANTHAN GUM,1,g,Xanthan Gum,Alt measurement: ¼ TSP
Keto,Jamoca Almond Fudge,36,Base,(OPTIONAL) 5G (1 TSP) VANILLA BEAN PASTE (OR EXTRACT),5,g,Vanilla Bean Paste,Optional; Alt measurement: 1 TSP; OR EXTRACT
Keto,Jamoca Almond Fudge,36,Mix-in,15G CHOCOLATE CHIPS (60 CAL) MIXED WITH 2G OF COCONUT OIL (27 CAL),15,g,Chocolate Chips Mixed With 2G Of Coconut Oil,60 CAL; 27 CAL
Keto,Jamoca Almond Fudge,36,Mix-in,"15 SALTED ALMONDS, CHOPPED",15,,"Salted Almonds, Chopped",
Keto,Matcha,38,Base,400G FAT FREE ULTRA-FILTERED MILK,400,g,Fat Free Ultra-Filtered Milk,
Keto,Matcha,38,Base,4G (2 TSP) MATCHA,4,g,Matcha,Alt measurement: 2 TSP
Keto,Matcha,38,Base,40-45G SWEETENER (CODE ELI15 SAVES YOU 15%),40-45,g,Sweetener,CODE ELI15 SAVES YOU 15%
Keto,Matcha,38,Base,5G (1 TSP) VANILLA BEAN PASTE (OR EXTRACT),5,g,Vanilla Bean Paste,Alt measurement: 1 TSP; OR EXTRACT
Keto,Matcha,38,Base,A PINCH OF SALT,A pinch,pinch,Salt,
Keto,Matcha,38,Base,1G (¼ TSP) XANTHAN GUM,1,g,Xanthan Gum,Alt measurement: ¼ TSP
Keto,Mexican Chocolate,40,Base,1 CHOCOLATE PROTEIN SHAKE (350-400ML),1,,Chocolate Protein Shake,350-400ML
Keto,Mexican Chocolate,40,Base,20-25G SWEETENER (CODE ELI15 SAVES YOU 15%),20-25,g,Sweetener,CODE ELI15 SAVES YOU 15%
Keto,Mexican Chocolate,40,Base,10G COCOA POWDER,10,g,Cocoa Powder,
Keto,Mexican Chocolate,40,Base,2G (½ TSP) CINNAMON 2-3 SPRINKLES CAYENNE PEPPER (BE CAREFUL WITH THIS! IT GETS VERY SPICY VERY FAST),2,g,Cinnamon 2-3 Sprinkles Cayenne Pepper,Alt measurement: ½ TSP; BE CAREFUL WITH THIS! IT GETS VERY SPICY VERY FAST
Keto,Mexican Chocolate,40,Base,A PINCH OF SALT,A pinch,pinch,Salt,
Keto,Mexican Chocolate,40,Base,1G (¼ TSP) XANTHAN GUM,1,g,Xanthan Gum,Alt measurement: ¼ TSP
Keto,Mint Chocolate Chip,42,Base,400G FAT FREE ULTRA-FILTERED MILK,400,g,Fat Free Ultra-Filtered Milk,
Keto,Mint Chocolate Chip,42,Base,40G SWEETENER (CODE ELI15 SAVES YOU 15%),40,g,Sweetener,CODE ELI15 SAVES YOU 15%
Keto,Mint Chocolate Chip,42,Base,⅛ TSP (5-6 DROPS) PEPPERMINT EXTRACT,⅛,tsp,Peppermint Extract,5-6 DROPS
Keto,Mint Chocolate Chip,42,Base,½ TSP VANILLA BEAN PASTE (OR EXTRACT),½,tsp,Vanilla Bean Paste,OR EXTRACT
Keto,Mint Chocolate Chip,42,Base,A PINCH OF SALT,A pinch,pinch,Salt,
Keto,Mint Chocolate Chip,42,Base,1G (¼ TSP) XANTHAN GUM,1,g,Xanthan Gum,Alt measurement: ¼ TSP
Keto,Mint Chocolate Chip,42,Mix-in,15G CHOCOLATE CHIPS (60 CAL) MIXED WITH 2G OF COCONUT OIL (27 CAL),15,g,Chocolate Chips Mixed With 2G Of Coconut Oil,60 CAL; 27 CAL
Keto,Mocha,44,Base,1 CHOCOLATE PROTEIN SHAKE (350-400ML),1,,Chocolate Protein Shake,350-400ML
Keto,Mocha,44,Base,20G SWEETENER (CODE ELI15 SAVES YOU 15%),20,g,Sweetener,CODE ELI15 SAVES YOU 15%
Keto,Mocha,44,Base,10G COCOA POWDER,10,g,Cocoa Powder,
Keto,Mocha,44,Base,1 SHOT OF ESPRESSO (CAN SUB WITH 3-5G OF ESPRESSO POWDER),1,shot,Espresso,CAN SUB WITH 3-5G OF ESPRESSO POWDER
Keto,Mocha,44,Base,A PINCH OF SALT,A pinch,pinch,Salt,
Keto,Mocha,44,Base,1G (¼ TSP) XANTHAN GUM,1,g,Xanthan Gum,Alt measurement: ¼ TSP
Keto,New York Super Fudge Chunk,46,Base,1 CHOCOLATE PROTEIN SHAKE (350-400ML),1,,Chocolate Protein Shake,350-400ML
Keto,New York Super Fudge Chunk,46,Base,20-25G SWEETENER (CODE ELI15 SAVES YOU 15%),20-25,g,Sweetener,CODE ELI15 SAVES YOU 15%
Keto,New York Super Fudge Chunk,46,Base,10G COCOA POWDER,10,g,Cocoa Powder,
Keto,New York Super Fudge Chunk,46,Base,A PINCH OF SALT,A pinch,pinch,Salt,
Keto,New York Super Fudge Chunk,46,Base,1G (¼ TSP) XANTHAN GUM,1,g,Xanthan Gum,Alt measurement: ¼ TSP
Keto,New York Super Fudge Chunk,46,Mix-in,5G WHITE CHOCOLATE CHIPS,5,g,White Chocolate Chips,
Keto,New York Super Fudge Chunk,46,Mix-in,5G DARK CHOCOLATE CHIPS,5,g,Dark Chocolate Chips,
Keto,New York Super Fudge Chunk,46,Mix-in,5G CHOPPED PECANS,5,g,Chopped Pecans,
Keto,New York Super Fudge Chunk,46,Mix-in,5G CHOPPED WALNUTS,5,g,Chopped Walnuts,
Keto,New York Super Fudge Chunk,46,Mix-in,6G CHOCOLATE COVERED ALMONDS,6,g,Chocolate Covered Almonds,
Keto,Peanut Butter World,48,Base,1 CHOCOLATE PROTEIN SHAKE (350-400ML),1,,Chocolate Protein Shake,350-400ML
Keto,Peanut Butter World,48,Base,20-25G SWEETENER (CODE ELI15 SAVES YOU 15%),20-25,g,Sweetener,CODE ELI15 SAVES YOU 15%
Keto,Peanut Butter World,48,Base,10G COCOA POWDER,10,g,Cocoa Powder,
Keto,Peanut Butter World,48,Base,A PINCH OF SALT,A pinch,pinch,Salt,
Keto,Peanut Butter World,48,Base,1G (¼ TSP) XANTHAN GUM,1,g,Xanthan Gum,Alt measurement: ¼ TSP
Keto,Peanut Butter World,48,Mix-in,"2 OREO THINS, CREAM REMOVED",2,,"Oreo Thins, Cream Removed",
Keto,Peanut Butter World,48,Mix-in,15G PEANUT BUTTER CHIPS + 2G COCONUT OIL +,15,g,Peanut Butter Chips + 2G Coconut Oil +,
Keto,Peanut Butter World,48,Mix-in,A PINCH OF SALT,A pinch,pinch,Salt,
Keto,Peppermint Mocha,50,Base,1 CHOCOLATE PROTEIN SHAKE (350-400ML),1,,Chocolate Protein Shake,350-400ML
Keto,Peppermint Mocha,50,Base,1 SHOT OF ESPRESSO,1,shot,Espresso,
Keto,Peppermint Mocha,50,Base,⅛ TSP PEPPERMINT EXTRACT,⅛,tsp,Peppermint Extract,
Keto,Peppermint Mocha,50,Base,1 TSP PEPPERMINT BARK SKINNY SYRUPS (OPTIONAL),1,tsp,Peppermint Bark Skinny Syrups,OPTIONAL
Keto,Peppermint Mocha,50,Base,20G SWEETENER (CODE ELI15 SAVES YOU 15%),20,g,Sweetener,CODE ELI15 SAVES YOU 15%
Keto,Peppermint Mocha,50,Base,10G COCOA POWDER,10,g,Cocoa Powder,
Keto,Peppermint Mocha,50,Base,A PINCH OF SALT,A pinch,pinch,Salt,
Keto,Peppermint Mocha,50,Base,1G (¼ TSP) XANTHAN GUM,1,g,Xanthan Gum,Alt measurement: ¼ TSP
Keto,Red Velvet,52,Base,1 LACTOSE-FREE CHOCOLATE PROTEIN SHAKE (350-400ML),1,,Lactose-Free Chocolate Protein Shake,350-400ML
Keto,Red Velvet,52,Base,1 TSP RED VELVET EXTRACT (I USED LORANN'S RED VELVET BAKERY EMULSION),1,tsp,Red Velvet Extract,I USED LORANN'S RED VELVET BAKERY EMULSION
Keto,Red Velvet,52,Base,20-25G SWEETENER (CODE ELI15 SAVES YOU 15%),20-25,g,Sweetener,CODE ELI15 SAVES YOU 15%
Keto,Red Velvet,52,Base,A PINCH OF SALT,A pinch,pinch,Salt,
Keto,Red Velvet,52,Base,1G (¼ TSP) XANTHAN GUM,1,g,Xanthan Gum,Alt measurement: ¼ TSP
Keto,Red Velvet Cake,54,Base,1 CHOCOLATE PROTEIN SHAKE (350-400ML),1,,Chocolate Protein Shake,350-400ML
Keto,Red Velvet Cake,54,Base,1 TSP RED VELVET EXTRACT (I USED LORANN'S RED VELVET BAKERY EMULSION),1,tsp,Red Velvet Extract,I USED LORANN'S RED VELVET BAKERY EMULSION
Keto,Red Velvet Cake,54,Base,20-25G SWEETENER (CODE ELI15 SAVES YOU 15%),20-25,g,Sweetener,CODE ELI15 SAVES YOU 15%
Keto,Red Velvet Cake,54,Base,A PINCH OF SALT,A pinch,pinch,Salt,
Keto,Red Velvet Cake,54,Base,1G (¼ TSP) XANTHAN GUM,1,g,Xanthan Gum,Alt measurement: ¼ TSP
Keto,Red Velvet Cake,54,Mix-in,½ OF A PRIME BITES (CODE FPF SAVES YOU 15%) RED VELVET BROWNIE,½,,Prime Bites Red Velvet Brownie,CODE FPF SAVES YOU 15%
Keto,Root Beer Float,56,Base,8 OZ VANILLA PROTEIN SHAKE,8,oz,Vanilla Protein Shake,
Keto,Root Beer Float,56,Base,8 OZ DIET ROOT BEER (A&W IS THE BEST DIET ROOT BEER),8,oz,Diet Root Beer,A&W IS THE BEST DIET ROOT BEER
Keto,Root Beer Float,56,Base,20-25G SWEETENER (CODE ELI15 SAVES YOU 15%),20-25,g,Sweetener,CODE ELI15 SAVES YOU 15%
Keto,Root Beer Float,56,Base,A PINCH OF SALT,A pinch,pinch,Salt,
Keto,Root Beer Float,56,Base,1G (¼ TSP) XANTHAN GUM,1,g,Xanthan Gum,Alt measurement: ¼ TSP
Keto,Shamrock Shake,58,Base,1 VANILLA PROTEIN SHAKE (350-400ML),1,,Vanilla Protein Shake,350-400ML
Keto,Shamrock Shake,58,Base,20G SWEETENER (CODE ELI15 SAVES YOU 15%),20,g,Sweetener,CODE ELI15 SAVES YOU 15%
Keto,Shamrock Shake,58,Base,2.5G (½ TSP) VANILLA BEAN PASTE (OR EXTRACT),2.5,g,Vanilla Bean Paste,Alt measurement: ½ TSP; OR EXTRACT
Keto,Shamrock Shake,58,Base,⅛ TSP PEPPERMINT EXTRACT,⅛,tsp,Peppermint Extract,
Keto,Shamrock Shake,58,Base,1 TSP PEPPERMINT BARK SKINNY SYRUPS (OPTIONAL),1,tsp,Peppermint Bark Skinny Syrups,OPTIONAL
Keto,Shamrock Shake,58,Base,2-3 DROPS GREEN FOOD COLORING (OPTIONAL),2-3,drops,Green Food Coloring,OPTIONAL
Keto,Shamrock Shake,58,Base,A PINCH OF SALT,A pinch,pinch,Salt,
Keto,Shamrock Shake,58,Base,1G (¼ TSP) XANTHAN GUM,1,g,Xanthan Gum,Alt measurement: ¼ TSP
Keto,Strawberry,60,Base,1 STRAWBERRY PROTEIN SHAKE (350-400ML),1,,Strawberry Protein Shake,350-400ML
Keto,Strawberry,60,Base,20-25G SWEETENER (CODE ELI15 SAVES YOU 15%),20-25,g,Sweetener,CODE ELI15 SAVES YOU 15%
Keto,Strawberry,60,Base,A PINCH OF SALT,A pinch,pinch,Salt,
Keto,Strawberry,60,Base,1G (¼ TSP) XANTHAN GUM,1,g,Xanthan Gum,Alt measurement: ¼ TSP
Keto,Strawberry Cheesecake,62,Base,1 STRAWBERRY PROTEIN SHAKE (350-400ML),1,,Strawberry Protein Shake,350-400ML
Keto,Strawberry Cheesecake,62,Base,22G (2 TBSP) WHIPPED (OR REGULAR) CREAM CHEESE,22,g,Whipped Cream Cheese,Alt measurement: 2 TBSP; OR REGULAR
Keto,Strawberry Cheesecake,62,Base,20-25G SWEETENER (CODE ELI15 SAVES YOU 15%),20-25,g,Sweetener,CODE ELI15 SAVES YOU 15%
Keto,Strawberry Cheesecake,62,Base,A PINCH OF SALT,A pinch,pinch,Salt,
Keto,Strawberry Cheesecake,62,Base,1G (¼ TSP) XANTHAN GUM,1,g,Xanthan Gum,Alt measurement: ¼ TSP
Keto,Strawberry Cheesecake,62,Mix-in,100G FROZEN/FRESH STRAWBERRIES MACERATED IN 10-15G OF SWEETENER + A,100,g,Frozen/Fresh Strawberries Macerated In 10-15G Of Sweetener + A,
Keto,Strawberry Cheesecake,62,Mix-in,SPLASH OF LEMON JUICE,Splash,splash,Lemon Juice,
Keto,Strawberry Cheesecake,62,Mix-in,½ SHEET OF A GRAHAM CRACKER,½,sheet,A Graham Cracker,
Keto,Vanilla (Milk),64,Base,400G FAT FREE ULTRA-FILTERED MILK,400,g,Fat Free Ultra-Filtered Milk,
Keto,Vanilla (Milk),64,Base,40-45G SWEETENER (CODE ELI15 SAVES YOU 15%),40-45,g,Sweetener,CODE ELI15 SAVES YOU 15%
Keto,Vanilla (Milk),64,Base,5G (1 TSP) VANILLA BEAN PASTE (OR EXTRACT),5,g,Vanilla Bean Paste,Alt measurement: 1 TSP; OR EXTRACT
Keto,Vanilla (Milk),64,Base,A PINCH OF SALT,A pinch,pinch,Salt,
Keto,Vanilla (Milk),64,Base,1G (¼ TSP) XANTHAN GUM,1,g,Xanthan Gum,Alt measurement: ¼ TSP
Keto,Vanilla (Protein Shake),66,Base,1 VANILLA PROTEIN SHAKE (350-400ML),1,,Vanilla Protein Shake,350-400ML
Keto,Vanilla (Protein Shake),66,Base,20-25G SWEETENER (CODE ELI15 SAVES YOU 15%),20-25,g,Sweetener,CODE ELI15 SAVES YOU 15%
Keto,Vanilla (Protein Shake),66,Base,2.5G (½ TSP) VANILLA BEAN PASTE (OR EXTRACT),2.5,g,Vanilla Bean Paste,Alt measurement: ½ TSP; OR EXTRACT
Keto,Vanilla (Protein Shake),66,Base,A PINCH OF SALT,A pinch,pinch,Salt,
Keto,Vanilla (Protein Shake),66,Base,1G (¼ TSP) XANTHAN GUM,1,g,Xanthan Gum,Alt measurement: ¼ TSP
No Protein,Almond Joy,12,Base,400G FAT FREE ULTRA-FILTERED MILK,400,g,Fat Free Ultra-Filtered Milk,
No Protein,Almond Joy,12,Base,40-45G SWEETENER (CODE ELI15 SAVES YOU 15%),40-45,g,Sweetener,CODE ELI15 SAVES YOU 15%
No Protein,Almond Joy,12,Base,5G (1 TSP) VANILLA BEAN PASTE (OR EXTRACT),5,g,Vanilla Bean Paste,Alt measurement: 1 TSP; OR EXTRACT
No Protein,Almond Joy,12,Base,5G (1 TSP) COCONUT EXTRACT,5,g,Coconut Extract,Alt measurement: 1 TSP
No Protein,Almond Joy,12,Base,A PINCH OF SALT,A pinch,pinch,Salt,
No Protein,Almond Joy,12,Base,1G (¼ TSP) XANTHAN GUM,1,g,Xanthan Gum,Alt measurement: ¼ TSP
No Protein,Almond Joy,12,Mix-in,10G ALMONDS,10,g,Almonds,
No Protein,Almond Joy,12,Mix-in,15G SUGAR-FREE CHOCOLATE CHIPS (60 CAL) MIXED WITH 2G OF COCONUT OIL (27 CAL),15,g,Sugar-Free Chocolate Chips Mixed With 2G Of Coconut Oil,60 CAL; 27 CAL
No Protein,Apple Pie,14,Base,400G FAT FREE ULTRA-FILTERED MILK,400,g,Fat Free Ultra-Filtered Milk,
No Protein,Apple Pie,14,Base,40G SWEETENER (CODE ELI15 SAVES YOU 15%),40,g,Sweetener,CODE ELI15 SAVES YOU 15%
No Protein,Apple Pie,14,Base,2G (½ TSP) CINNAMON,2,g,Cinnamon,Alt measurement: ½ TSP
No Protein,Apple Pie,14,Base,A PINCH OF SALT,A pinch,pinch,Salt,
No Protein,Apple Pie,14,Base,1G (¼ TSP) XANTHAN GUM,1,g,Xanthan Gum,Alt measurement: ¼ TSP
No Protein,Apple Pie,14,Mix-in,1 MEDIUM APPLE,1,medium,Apple,
No Protein,Apple Pie,14,Mix-in,20-25G SWEETENER (CODE ELI15 SAVES YOU 15%),20-25,g,Sweetener,CODE ELI15 SAVES YOU 15%
No Protein,Apple Pie,14,Mix-in,5-10G SUGAR FREE SYRUP,5-10,g,Sugar Free Syrup,
No Protein,Apple Pie,14,Mix-in,A FEW SPRINKLES OF CINNAMON,A few,few,Sprinkles Of Cinnamon,
No Protein,Apple Pie,14,Mix-in,A PINCH OF SALT,A pinch,pinch,Salt,
No Protein,Baked Alaska,16,Base,400G FAT FREE ULTRA-FILTERED MILK,400,g,Fat Free Ultra-Filtered Milk,
No Protein,Baked Alaska,16,Base,40-45G SWEETENER (CODE ELI15 SAVES YOU 15%),40-45,g,Sweetener,CODE ELI15 SAVES YOU 15%
No Protein,Baked Alaska,16,Base,5G (1 TSP) VANILLA BEAN PASTE (OR EXTRACT),5,g,Vanilla Bean Paste,Alt measurement: 1 TSP; OR EXTRACT
No Protein,Baked Alaska,16,Base,A PINCH OF SALT,A pinch,pinch,Salt,
No Protein,Baked Alaska,16,Base,1G (¼ TSP) XANTHAN GUM,1,g,Xanthan Gum,Alt measurement: ¼ TSP
No Protein,Baked Alaska,16,Mix-in,10G MINI LUCKY-CHARMS-STYLE MARSHMALLOWS (I USED THE ONES FROM JET PUFFED),10,g,Mini Lucky-Charms-Style Marshmallows,I USED THE ONES FROM JET PUFFED
No Protein,Baked Alaska,16,Mix-in,15G WHITE CHOCOLATE CHIPS MIXED WITH 2G OF COCONUT OIL,15,g,White Chocolate Chips Mixed With 2G Of Coconut Oil,
No Protein,Banana,18,Base,400G FAT FREE ULTRA-FILTERED MILK,400,g,Fat Free Ultra-Filtered Milk,
No Protein,Banana,18,Base,40G SWEETENER (CODE ELI15 SAVES YOU 15%),40,g,Sweetener,CODE ELI15 SAVES YOU 15%
No Protein,Banana,18,Base,1 SMALL BANANA (~100G),1,small,Banana,~100G
No Protein,Banana,18,Base,5G (1 TSP) VANILLA BEAN PASTE (OR EXTRACT),5,g,Vanilla Bean Paste,Alt measurement: 1 TSP; OR EXTRACT
No Protein,Banana,18,Base,A PINCH OF SALT,A pinch,pinch,Salt,
No Protein,Banana,18,Base,1G (¼ TSP) XANTHAN GUM,1,g,Xanthan Gum,Alt measurement: ¼ TSP
No Protein,Banana Bread Matcha,20,Base,400G FAT FREE ULTRA-FILTERED MILK,400,g,Fat Free Ultra-Filtered Milk,
No Protein,Banana Bread Matcha,20,Base,40G SWEETENER (CODE ELI15 SAVES YOU 15%),40,g,Sweetener,CODE ELI15 SAVES YOU 15%
No Protein,Banana Bread Matcha,20,Base,1 SMALL BANANA (~100G),1,small,Banana,~100G
No Protein,Banana Bread Matcha,20,Base,5G (1 TSP) VANILLA BEAN PASTE (OR EXTRACT),5,g,Vanilla Bean Paste,Alt measurement: 1 TSP; OR EXTRACT
No Protein,Banana Bread Matcha,20,Base,4G (2 TSP) MATCHA,4,g,Matcha,Alt measurement: 2 TSP
No Protein,Banana Bread Matcha,20,Base,1G (¼ TSP) CINNAMON,1,g,Cinnamon,Alt measurement: ¼ TSP
No Protein,Banana Bread Matcha,20,Base,A DASH OF NUTMEG,A dash,dash,Nutmeg,
No Protein,Banana Bread Matcha,20,Base,A PINCH OF SALT,A pinch,pinch,Salt,
No Protein,Banana Bread Matcha,20,Base,1G (¼ TSP) XANTHAN GUM,1,g,Xanthan Gum,Alt measurement: ¼ TSP
No Protein,Banana Pudding,22,Base,400G FAT FREE ULTRA-FILTERED MILK,400,g,Fat Free Ultra-Filtered Milk,
No Protein,Banana Pudding,22,Base,30G SWEETENER (CODE ELI15 SAVES YOU 15%),30,g,Sweetener,CODE ELI15 SAVES YOU 15%
No Protein,Banana Pudding,22,Base,50G OR ½ MEDIUM SIZE BANANA,50,g,Or ½ Medium Size Banana,
No Protein,Banana Pudding,22,Base,10G (1 TBSP) BANANA CREAM JELLO PUDDING MIX,10,g,Banana Cream Jello Pudding Mix,Alt measurement: 1 TBSP
No Protein,Banana Pudding,22,Base,5G (1 TSP) VANILLA BEAN PASTE (OR EXTRACT),5,g,Vanilla Bean Paste,Alt measurement: 1 TSP; OR EXTRACT
No Protein,Banana Pudding,22,Base,A PINCH OF SALT,A pinch,pinch,Salt,
No Protein,Banana Pudding,22,Mix-in,18G (6 TBSP) FAT FREE REDDIWHIP (CAN SUB WITH ANY WHIPPED CREAM),18,g,Fat Free Reddiwhip,Alt measurement: 6 TBSP; CAN SUB WITH ANY WHIPPED CREAM
No Protein,Banana Pudding,22,Mix-in,"2 NILLA WAFERS, CRUMBLED (CAN SUB WITH GRAHAM CRACKERS OR SHORTBREAD)",2,,"Nilla Wafers, Crumbled",CAN SUB WITH GRAHAM CRACKERS OR SHORTBREAD
No Protein,Berry Crumble,24,Base,400G FAT FREE ULTRA-FILTERED MILK,400,g,Fat Free Ultra-Filtered Milk,
No Protein,Berry Crumble,24,Base,40-45G SWEETENER (CODE ELI15 SAVES YOU 15%),40-45,g,Sweetener,CODE ELI15 SAVES YOU 15%
No Protein,Berry Crumble,24,Base,70G FROZEN BERRIES OF CHOICE,70,g,Frozen Berries Of Choice,
No Protein,Berry Crumble,24,Base,5G (1 TSP) VANILLA BEAN PASTE (OR EXTRACT),5,g,Vanilla Bean Paste,Alt measurement: 1 TSP; OR EXTRACT
No Protein,Berry Crumble,24,Base,A PINCH OF SALT,A pinch,pinch,Salt,
No Protein,Berry Crumble,24,Base,1G (¼ TSP) XANTHAN GUM,1,g,Xanthan Gum,Alt measurement: ¼ TSP
No Protein,Berry Crumble,24,Mix-in,10G LIGHT BUTTER,10,g,Light Butter,
No Protein,Berry Crumble,24,Mix-in,10G BROWN SUGAR ZERO-CALORIE SWEETENER,10,g,Brown Sugar Zero-Calorie Sweetener,
No Protein,Berry Crumble,24,Mix-in,10G FLOUR,10,g,Flour,
No Protein,Berry Crumble,24,Mix-in,10G OATS,10,g,Oats,
No Protein,Birthday Cake,26,Base,400G FAT FREE ULTRA-FILTERED MILK,400,g,Fat Free Ultra-Filtered Milk,
No Protein,Birthday Cake,26,Base,40-45G SWEETENER (CODE ELI15 SAVES YOU 15%),40-45,g,Sweetener,CODE ELI15 SAVES YOU 15%
No Protein,Birthday Cake,26,Base,5G (1 TSP) CAKE BATTER EXTRACT,5,g,Cake Batter Extract,Alt measurement: 1 TSP
No Protein,Birthday Cake,26,Base,A PINCH OF SALT,A pinch,pinch,Salt,
No Protein,Birthday Cake,26,Base,1G (¼ TSP) XANTHAN GUM,1,g,Xanthan Gum,Alt measurement: ¼ TSP
No Protein,Birthday Cake,26,Mix-in,2 TSP RAINBOW SPRINKLES,2,tsp,Rainbow Sprinkles,
No Protein,Biscoff (Cookie Butter),28,Base,400G FAT FREE ULTRA-FILTERED MILK,400,g,Fat Free Ultra-Filtered Milk,
No Protein,Biscoff (Cookie Butter),28,Base,40-45G SWEETENER (CODE ELI15 SAVES YOU 15%),40-45,g,Sweetener,CODE ELI15 SAVES YOU 15%
No Protein,Biscoff (Cookie Butter),28,Base,1 TSP LORANN’S COOKIE BUTTER EMULSION (OPTIONAL),1,tsp,Lorann’S Cookie Butter Emulsion,OPTIONAL
No Protein,Biscoff (Cookie Butter),28,Base,3G (½ TSP) CINNAMON,3,g,Cinnamon,Alt measurement: ½ TSP
No Protein,Biscoff (Cookie Butter),28,Base,A PINCH OF SALT,A pinch,pinch,Salt,
No Protein,Biscoff (Cookie Butter),28,Base,1G (¼ TSP) XANTHAN GUM,1,g,Xanthan Gum,Alt measurement: ¼ TSP
No Protein,Biscoff (Cookie Butter),28,Mix-in,3 LOTUS BISCOFF COOKIES (CRUMBLED UP),3,,Lotus Biscoff Cookies,CRUMBLED UP
No Protein,Brown Butter Banana Bread,30,Base,400G FAT FREE ULTRA-FILTERED MILK,400,g,Fat Free Ultra-Filtered Milk,
No Protein,Brown Butter Banana Bread,30,Base,40G SWEETENER (CODE ELI15 SAVES YOU 15%),40,g,Sweetener,CODE ELI15 SAVES YOU 15%
No Protein,Brown Butter Banana Bread,30,Base,1 MEDIUM SIZE BANANA (~90G),1,medium,Size Banana,~90G
No Protein,Brown Butter Banana Bread,30,Base,5G (1 TSP) VANILLA BEAN PASTE (OR EXTRACT),5,g,Vanilla Bean Paste,Alt measurement: 1 TSP; OR EXTRACT
No Protein,Brown Butter Banana Bread,30,Base,A PINCH OF SALT,A pinch,pinch,Salt,
No Protein,Brown Butter Banana Bread,30,Base,1G (¼ TSP) XANTHAN GUM,1,g,Xanthan Gum,Alt measurement: ¼ TSP
No Protein,Brown Butter Banana Bread,30,Mix-in,2 PRIME BITES (CODE FPF SAVES YOU 15%) CHOCOLATE CHIP MINI MUFFINS FRIED IN 2G OF BUTTER,2,,Prime Bites Chocolate Chip Mini Muffins Fried In 2G Of Butter,CODE FPF SAVES YOU 15%
No Protein,Brown Sugar Cinnamon Pop Tart,32,Base,400G FAT FREE ULTRA-FILTERED MILK,400,g,Fat Free Ultra-Filtered Milk,
No Protein,Brown Sugar Cinnamon Pop Tart,32,Base,40-45G BROWN SUGAR SWEETENER (CODE ELI15 SAVES YOU 15%),40-45,g,Brown Sugar Sweetener,CODE ELI15 SAVES YOU 15%
No Protein,Brown Sugar Cinnamon Pop Tart,32,Base,5G (1 TSP) VANILLA BEAN PASTE (OR EXTRACT),5,g,Vanilla Bean Paste,Alt measurement: 1 TSP; OR EXTRACT
No Protein,Brown Sugar Cinnamon Pop Tart,32,Base,3G (½ TSP) CINNAMON,3,g,Cinnamon,Alt measurement: ½ TSP
No Protein,Brown Sugar Cinnamon Pop Tart,32,Base,A PINCH OF SALT,A pinch,pinch,Salt,
No Protein,Brown Sugar Cinnamon Pop Tart,32,Base,1G (¼ TSP) XANTHAN GUM,1,g,Xanthan Gum,Alt measurement: ¼ TSP
No Protein,Brown Sugar Cinnamon Pop Tart,32,Mix-in,1 LEGENDARY FOODS BROWN SUGAR CINNAMON PASTRY,1,,Legendary Foods Brown Sugar Cinnamon Pastry,
No Protein,Cake Batter,34,Base,400G FAT FREE ULTRA-FILTERED MILK,400,g,Fat Free Ultra-Filtered Milk,
No Protein,Cake Batter,34,Base,40-45G SWEETENER (CODE ELI15 SAVES YOU 15%),40-45,g,Sweetener,CODE ELI15 SAVES YOU 15%
No Protein,Cake Batter,34,Base,2.5G (½ TSP) VANILLA BEAN PASTE (OR EXTRACT),2.5,g,Vanilla Bean Paste,Alt measurement: ½ TSP; OR EXTRACT
No Protein,Cake Batter,34,Base,5G (1 TSP) CAKE BATTER EXTRACT,5,g,Cake Batter Extract,Alt measurement: 1 TSP
No Protein,Cake Batter,34,Base,A PINCH OF SALT,A pinch,pinch,Salt,
No Protein,Cake Batter,34,Base,1G (¼ TSP) XANTHAN GUM,1,g,Xanthan Gum,Alt measurement: ¼ TSP
No Protein,Cake Batter Cookie Dough Blizzard,36,Base,400G FAT FREE ULTRA-FILTERED MILK,400,g,Fat Free Ultra-Filtered Milk,
No Protein,Cake Batter Cookie Dough Blizzard,36,Base,40-45G SWEETENER (CODE ELI15 SAVES YOU 15%),40-45,g,Sweetener,CODE ELI15 SAVES YOU 15%
No Protein,Cake Batter Cookie Dough Blizzard,36,Base,5G (1 TSP) CAKE BATTER EXTRACT,5,g,Cake Batter Extract,Alt measurement: 1 TSP
No Protein,Cake Batter Cookie Dough Blizzard,36,Base,A PINCH OF SALT,A pinch,pinch,Salt,
No Protein,Cake Batter Cookie Dough Blizzard,36,Base,1G (¼ TSP) XANTHAN GUM,1,g,Xanthan Gum,Alt measurement: ¼ TSP
No Protein,Cake Batter Cookie Dough Blizzard,36,Base,1-2 DROPS BLUE FOOD COLORING (OPTIONAL),1-2,drops,Blue Food Coloring,OPTIONAL
No Protein,Cake Batter Cookie Dough Blizzard,36,Mix-in,½ OF A PACKAGE OF THE FUUL CHOCOLATE CHIP COOKIE DOUGH BITES (CODE FPF SAVES YOU 15%),½,,Package Of The Fuul Chocolate Chip Cookie Dough Bites,CODE FPF SAVES YOU 15%
No Protein,Cake Batter Cookie Dough Blizzard,36,Mix-in,5G RAINBOW SPRINKLES,5,g,Rainbow Sprinkles,
No Protein,Cake Batter Oreo,38,Base,400G FAT FREE ULTRA-FILTERED MILK,400,g,Fat Free Ultra-Filtered Milk,
No Protein,Cake Batter Oreo,38,Base,40G SWEETENER (CODE ELI15 SAVES YOU 15%),40,g,Sweetener,CODE ELI15 SAVES YOU 15%
No Protein,Cake Batter Oreo,38,Base,5G (1 TSP) CAKE BATTER EXTRACT,5,g,Cake Batter Extract,Alt measurement: 1 TSP
No Protein,Cake Batter Oreo,38,Base,5G (1 TSP) VANILLA BEAN PASTE (OR EXTRACT),5,g,Vanilla Bean Paste,Alt measurement: 1 TSP; OR EXTRACT
No Protein,Cake Batter Oreo,38,Base,A PINCH OF SALT,A pinch,pinch,Salt,
No Protein,Cake Batter Oreo,38,Base,1G (¼ TSP) XANTHAN GUM,1,g,Xanthan Gum,Alt measurement: ¼ TSP
No Protein,Cake Batter Oreo,38,Mix-in,5 OREO THINS (CREAM REMOVED),5,,Oreo Thins,CREAM REMOVED
No Protein,Candy Bar,40,Base,400G FAT FREE ULTRA-FILTERED MILK,400,g,Fat Free Ultra-Filtered Milk,
No Protein,Candy Bar,40,Base,40G SWEETENER (CODE ELI15 SAVES YOU 15%),40,g,Sweetener,CODE ELI15 SAVES YOU 15%
No Protein,Candy Bar,40,Base,5G (1 TSP) VANILLA BEAN PASTE (OR EXTRACT),5,g,Vanilla Bean Paste,Alt measurement: 1 TSP; OR EXTRACT
No Protein,Candy Bar,40,Base,A PINCH OF SALT,A pinch,pinch,Salt,
No Protein,Candy Bar,40,Base,1G (¼ TSP) XANTHAN GUM,1,g,Xanthan Gum,Alt measurement: ¼ TSP
No Protein,Candy Bar,40,Mix-in,"40G OF YOUR FAVORITE CHOCOLATE CANDY BARS, CHOPPED (MACROS ACCOUNT FOR EQUAL AMOUNTS OF HERSHEY’S BARS, REESE’S, ALMOND JOY, AND KIT KAT)",40,g,"Your Favorite Chocolate Candy Bars, Chopped","MACROS ACCOUNT FOR EQUAL AMOUNTS OF HERSHEY’S BARS, REESE’S, ALMOND JOY, AND KIT KAT"
No Protein,Cereal Milk,42,Base,ALL OF THE CEREAL MILK YOU MADE (SHOULD BE 250-300G),,,All Of The Cereal Milk You Made,SHOULD BE 250-300G
No Protein,Cereal Milk,42,Base,~100G FAT FREE ULTRA-FILTERED MILK (UNTIL 400G TOTAL OF MILK),~100,g,Fat Free Ultra-Filtered Milk,UNTIL 400G TOTAL OF MILK
No Protein,Cereal Milk,42,Base,5G (1 TSP) VANILLA BEAN PASTE (OR EXTRACT),5,g,Vanilla Bean Paste,Alt measurement: 1 TSP; OR EXTRACT
No Protein,Cereal Milk,42,Base,35-40G SWEETENER (CODE ELI15 SAVES YOU 15%),35-40,g,Sweetener,CODE ELI15 SAVES YOU 15%
No Protein,Cereal Milk,42,Base,A PINCH OF SALT,A pinch,pinch,Salt,
No Protein,Cereal Milk,42,Base,1G (¼ TSP) XANTHAN GUM,1,g,Xanthan Gum,Alt measurement: ¼ TSP
No Protein,Chai,44,Base,400G FAT FREE ULTRA-FILTERED MILK,400,g,Fat Free Ultra-Filtered Milk,
No Protein,Chai,44,Base,1 HEAPING TBSP LOOSE CHAI TEA,1,,Heaping Tbsp Loose Chai Tea,
No Protein,Chai,44,Base,40-45G SWEETENER (CODE ELI15 SAVES YOU 15%),40-45,g,Sweetener,CODE ELI15 SAVES YOU 15%
No Protein,Chai,44,Base,5G (1 TSP) VANILLA BEAN PASTE (OR EXTRACT),5,g,Vanilla Bean Paste,Alt measurement: 1 TSP; OR EXTRACT
No Protein,Chai,44,Base,A PINCH OF SALT,A pinch,pinch,Salt,
No Protein,Chai,44,Base,1G (¼ TSP) XANTHAN GUM,1,g,Xanthan Gum,Alt measurement: ¼ TSP
No Protein,Choco Brownie Extreme Blizzard,46,Base,400G FAT FREE ULTRA-FILTERED MILK,400,g,Fat Free Ultra-Filtered Milk,
No Protein,Choco Brownie Extreme Blizzard,46,Base,40-45G SWEETENER (CODE ELI15 SAVES YOU 15%),40-45,g,Sweetener,CODE ELI15 SAVES YOU 15%
No Protein,Choco Brownie Extreme Blizzard,46,Base,5G (1 TSP) VANILLA BEAN PASTE (OR EXTRACT),5,g,Vanilla Bean Paste,Alt measurement: 1 TSP; OR EXTRACT
No Protein,Choco Brownie Extreme Blizzard,46,Base,A PINCH OF SALT,A pinch,pinch,Salt,
No Protein,Choco Brownie Extreme Blizzard,46,Base,1G (¼ TSP) XANTHAN GUM,1,g,Xanthan Gum,Alt measurement: ¼ TSP
No Protein,Choco Brownie Extreme Blizzard,46,Mix-in,½ OF A PRIME BITES PROTEIN BROWNIE (CODE FPF SAVES YOU 15%),½,,Prime Bites Protein Brownie,CODE FPF SAVES YOU 15%
No Protein,Choco Brownie Extreme Blizzard,46,Mix-in,"½ OF A HORMBLES CHORMBLES CHOCOLATE BAR (100 CAL, 10G PROTEIN CANDY BAR – CAN SUB WITH ANY KIND OF CHOCOLATE)",½,,Hormbles Chormbles Chocolate Bar,"100 CAL, 10G PROTEIN CANDY BAR – CAN SUB WITH ANY KIND OF CHOCOLATE"
No Protein,Chocolate Chip Cookie Dough,48,Base,400G FAT FREE ULTRA-FILTERED MILK,400,g,Fat Free Ultra-Filtered Milk,
No Protein,Chocolate Chip Cookie Dough,48,Base,40-45G SWEETENER (CODE ELI15 SAVES YOU 15%),40-45,g,Sweetener,CODE ELI15 SAVES YOU 15%
No Protein,Chocolate Chip Cookie Dough,48,Base,5G (1 TSP) VANILLA BEAN PASTE (OR EXTRACT),5,g,Vanilla Bean Paste,Alt measurement: 1 TSP; OR EXTRACT
No Protein,Chocolate Chip Cookie Dough,48,Base,A PINCH OF SALT,A pinch,pinch,Salt,
No Protein,Chocolate Chip Cookie Dough,48,Base,1G (¼ TSP) XANTHAN GUM,1,g,Xanthan Gum,Alt measurement: ¼ TSP
No Protein,Chocolate Chip Cookie Dough,48,Mix-in,"1 CHOCOLATE CHIP COOKIE (APPROXIMATELY 30G, CAN SUB WITH COOKIE DOUGH)",1,,Chocolate Chip Cookie,"APPROXIMATELY 30G, CAN SUB WITH COOKIE DOUGH"
No Protein,Chocolate Chip / Stracciatella,50,Base,400G FAT FREE ULTRA-FILTERED MILK,400,g,Fat Free Ultra-Filtered Milk,
No Protein,Chocolate Chip / Stracciatella,50,Base,40-45G SWEETENER (CODE ELI15 SAVES YOU 15%),40-45,g,Sweetener,CODE ELI15 SAVES YOU 15%
No Protein,Chocolate Chip / Stracciatella,50,Base,5G (1 TSP) VANILLA BEAN PASTE (OR EXTRACT),5,g,Vanilla Bean Paste,Alt measurement: 1 TSP; OR EXTRACT
No Protein,Chocolate Chip / Stracciatella,50,Base,A PINCH OF SALT,A pinch,pinch,Salt,
No Protein,Chocolate Chip / Stracciatella,50,Base,1G (¼ TSP) XANTHAN GUM,1,g,Xanthan Gum,Alt measurement: ¼ TSP
No Protein,Chocolate Chip / Stracciatella,50,Mix-in,20G SUGAR-FREE CHOCOLATE CHIPS (80 CAL) MIXED WITH 3G OF COCONUT OIL (27 CAL),20,g,Sugar-Free Chocolate Chips Mixed With 3G Of Coconut Oil,80 CAL; 27 CAL
No Protein,Chocolate & Vanilla Twist,52,Base,400G FAT FREE ULTRA-FILTERED MILK,400,g,Fat Free Ultra-Filtered Milk,
No Protein,Chocolate & Vanilla Twist,52,Base,40-45G SWEETENER (CODE ELI15 SAVES YOU 15%),40-45,g,Sweetener,CODE ELI15 SAVES YOU 15%
No Protein,Chocolate & Vanilla Twist,52,Base,5G (1 TSP) VANILLA BEAN PASTE (OR EXTRACT),5,g,Vanilla Bean Paste,Alt measurement: 1 TSP; OR EXTRACT
No Protein,Chocolate & Vanilla Twist,52,Base,A PINCH OF SALT,A pinch,pinch,Salt,
No Protein,Chocolate & Vanilla Twist,52,Base,1G (¼ TSP) XANTHAN GUM,1,g,Xanthan Gum,Alt measurement: ¼ TSP
No Protein,Chocolate & Vanilla Twist,52,Mix-in,45G (2 TBSP) LOW CALORIE CHOCOLATE GANACHE,45,g,Low Calorie Chocolate Ganache,Alt measurement: 2 TBSP
No Protein,Chubby Hubby,54,Base,400G FAT FREE ULTRA-FILTERED MILK,400,g,Fat Free Ultra-Filtered Milk,
No Protein,Chubby Hubby,54,Base,40-45G SWEETENER (CODE ELI15 SAVES YOU 15%),40-45,g,Sweetener,CODE ELI15 SAVES YOU 15%
No Protein,Chubby Hubby,54,Base,5G (1 TSP) VANILLA BEAN PASTE (OR EXTRACT),5,g,Vanilla Bean Paste,Alt measurement: 1 TSP; OR EXTRACT
No Protein,Chubby Hubby,54,Base,1 TBSP MALTED MILK POWDER,1,tbsp,Malted Milk Powder,
No Protein,Chubby Hubby,54,Base,A PINCH OF SALT,A pinch,pinch,Salt,
No Protein,Chubby Hubby,54,Base,1G (¼ TSP) XANTHAN GUM,1,g,Xanthan Gum,Alt measurement: ¼ TSP
No Protein,Chubby Hubby,54,Mix-in,15G PEANUT BUTTER CHIPS + 2G COCONUT OIL + A PINCH OF SALT,15,g,Peanut Butter Chips + 2G Coconut Oil + A Pinch Of Salt,
No Protein,Chubby Hubby,54,Mix-in,14G (½ SERVING) CHOCOLATE COVERED PRETZELS,14,g,Chocolate Covered Pretzels,½ SERVING
No Protein,Chunky Monkey,56,Base,400G FAT FREE ULTRA-FILTERED MILK,400,g,Fat Free Ultra-Filtered Milk,
No Protein,Chunky Monkey,56,Base,40G SWEETENER (CODE ELI15 SAVES YOU 15%),40,g,Sweetener,CODE ELI15 SAVES YOU 15%
No Protein,Chunky Monkey,56,Base,1 SMALL BANANA (~80G),1,small,Banana,~80G
No Protein,Chunky Monkey,56,Base,5G (1 TSP) VANILLA BEAN PASTE (OR EXTRACT),5,g,Vanilla Bean Paste,Alt measurement: 1 TSP; OR EXTRACT
No Protein,Chunky Monkey,56,Base,A PINCH OF SALT,A pinch,pinch,Salt,
No Protein,Chunky Monkey,56,Base,1G (¼ TSP) XANTHAN GUM,1,g,Xanthan Gum,Alt measurement: ¼ TSP
No Protein,Chunky Monkey,56,Mix-in,7G CHOPPED WALNUTS,7,g,Chopped Walnuts,
No Protein,Chunky Monkey,56,Mix-in,15G SUGAR-FREE CHOCOLATE CHIPS + 2G COCONUT OIL (YOU CAN EITHER USE THIS AS A MIX-IN OR AS A CHOCOLATE SHELL TOPPING),15,g,Sugar-Free Chocolate Chips + 2G Coconut Oil,YOU CAN EITHER USE THIS AS A MIX-IN OR AS A CHOCOLATE SHELL TOPPING
No Protein,Churray For Churros,58,Base,400G FAT FREE ULTRA-FILTERED MILK,400,g,Fat Free Ultra-Filtered Milk,
No Protein,Churray For Churros,58,Base,40-45G SWEETENER (CODE ELI15 SAVES YOU 15%),40-45,g,Sweetener,CODE ELI15 SAVES YOU 15%
No Protein,Churray For Churros,58,Base,5G (1 TSP) VANILLA BEAN PASTE (OR EXTRACT),5,g,Vanilla Bean Paste,Alt measurement: 1 TSP; OR EXTRACT
No Protein,Churray For Churros,58,Base,0.5G (⅛ TSP) BUTTER EXTRACT,0.5,g,Butter Extract,Alt measurement: ⅛ TSP
No Protein,Churray For Churros,58,Base,2-3G (½ TSP) CINNAMON,2-3,g,Cinnamon,Alt measurement: ½ TSP
No Protein,Churray For Churros,58,Base,A PINCH OF SALT,A pinch,pinch,Salt,
No Protein,Churray For Churros,58,Base,1G (¼ TSP) XANTHAN GUM,1,g,Xanthan Gum,Alt measurement: ¼ TSP
No Protein,Churray For Churros,58,Mix-in,"1 PRIME BITES (CODE FPF SAVES YOU 15%) GLAZED CINNAMON ROLL PROTEIN BROWNIE, CHOPPED AND COATED IN A SPRINKLE OF CINNAMON AND SWEETENER",1,,"Prime Bites Glazed Cinnamon Roll Protein Brownie, Chopped And Coated In A Sprinkle Of Cinnamon And Sweetener",CODE FPF SAVES YOU 15%
No Protein,Cinnamon Bun,60,Base,400G FAT FREE ULTRA-FILTERED MILK,400,g,Fat Free Ultra-Filtered Milk,
No Protein,Cinnamon Bun,60,Base,40-45G SWEETENER (CODE ELI15 SAVES YOU 15%),40-45,g,Sweetener,CODE ELI15 SAVES YOU 15%
No Protein,Cinnamon Bun,60,Base,5G (1 TSP) VANILLA BEAN PASTE (OR EXTRACT),5,g,Vanilla Bean Paste,Alt measurement: 1 TSP; OR EXTRACT
No Protein,Cinnamon Bun,60,Base,3G (½ TSP) GROUND CINNAMON,3,g,Ground Cinnamon,Alt measurement: ½ TSP
No Protein,Cinnamon Bun,60,Base,1G (¼ TSP) XANTHAN GUM,1,g,Xanthan Gum,Alt measurement: ¼ TSP
No Protein,Cinnamon Bun,60,Base,PINCH OF SALT,Pinch,pinch,Salt,
No Protein,Cinnamon Bun,60,Mix-in,"½ OF A PRIME BITES (CODE FPF SAVES YOU 15%) GLAZED CINNAMON ROLL PROTEIN BROWNIE, CHOPPED AND COATED IN A MIX OF CINNAMON AND SWEETENER (CAN SUB WITH ANY CINNAMON-BASED DESSERT)",½,,"Prime Bites Glazed Cinnamon Roll Protein Brownie, Chopped And Coated In A Mix Of Cinnamon And Sweetener",CODE FPF SAVES YOU 15%; CAN SUB WITH ANY CINNAMON-BASED DESSERT
No Protein,Cinnamon Pebbles,62,Base,400G FAT FREE ULTRA-FILTERED MILK,400,g,Fat Free Ultra-Filtered Milk,
No Protein,Cinnamon Pebbles,62,Base,40-45G SWEETENER (CODE ELI15 SAVES YOU 15%),40-45,g,Sweetener,CODE ELI15 SAVES YOU 15%
No Protein,Cinnamon Pebbles,62,Base,5G (1 TSP) VANILLA BEAN PASTE (OR EXTRACT),5,g,Vanilla Bean Paste,Alt measurement: 1 TSP; OR EXTRACT
No Protein,Cinnamon Pebbles,62,Base,3G (½ TSP) CINNAMON,3,g,Cinnamon,Alt measurement: ½ TSP
No Protein,Cinnamon Pebbles,62,Base,A PINCH OF SALT,A pinch,pinch,Salt,
No Protein,Cinnamon Pebbles,62,Base,1G (¼ TSP) XANTHAN GUM,1,g,Xanthan Gum,Alt measurement: ¼ TSP
No Protein,Cinnamon Pebbles,62,Mix-in,20G CINNAMON PEBBLES CEREAL,20,g,Cinnamon Pebbles Cereal,
No Protein,Coffee Coffee Buzzbuzzbuzz,64,Base,400G FAT FREE ULTRA-FILTERED MILK,400,g,Fat Free Ultra-Filtered Milk,
No Protein,Coffee Coffee Buzzbuzzbuzz,64,Base,40-45G SWEETENER (CODE ELI15 SAVES YOU 15%),40-45,g,Sweetener,CODE ELI15 SAVES YOU 15%
No Protein,Coffee Coffee Buzzbuzzbuzz,64,Base,1 SHOT ESPRESSO (FEEL FREE TO SUB FOR 1 TBSP OF INSTANT COFFEE OR A COMETEER POD),1,shot,Espresso,Alt measurement: FEEL FREE TO SUB FOR 1 TBSP OF INSTANT COFFEE OR A COMETEER POD
No Protein,Coffee Coffee Buzzbuzzbuzz,64,Base,A PINCH OF SALT,A pinch,pinch,Salt,
No Protein,Coffee Coffee Buzzbuzzbuzz,64,Base,1G (¼ TSP) XANTHAN GUM,1,g,Xanthan Gum,Alt measurement: ¼ TSP
No Protein,Coffee Coffee Buzzbuzzbuzz,64,Mix-in,"30G CHOCOLATE COVERED ESPRESSO BEANS, CHOPPED",30,g,"Chocolate Covered Espresso Beans, Chopped",
No Protein,Coffee Oreo,66,Base,400G FAT FREE ULTRA-FILTERED MILK,400,g,Fat Free Ultra-Filtered Milk,
No Protein,Coffee Oreo,66,Base,40-45G SWEETENER (CODE ELI15 SAVES YOU 15%),40-45,g,Sweetener,CODE ELI15 SAVES YOU 15%
No Protein,Coffee Oreo,66,Base,1 SHOT ESPRESSO (FEEL FREE TO SUB FOR 1 TBSP OF INSTANT COFFEE OR A COMETEER POD),1,shot,Espresso,Alt measurement: FEEL FREE TO SUB FOR 1 TBSP OF INSTANT COFFEE OR A COMETEER POD
No Protein,Coffee Oreo,66,Base,A PINCH OF SALT,A pinch,pinch,Salt,
No Protein,Coffee Oreo,66,Base,1G (¼ TSP) XANTHAN GUM,1,g,Xanthan Gum,Alt measurement: ¼ TSP
No Protein,Coffee Oreo,66,Mix-in,3 OREO THINS,3,,Oreo Thins,
No Protein,Coffee Toffee Bar Crunch,68,Base,400G FAT FREE ULTRA-FILTERED MILK,400,g,Fat Free Ultra-Filtered Milk,
No Protein,Coffee Toffee Bar Crunch,68,Base,40-45G SWEETENER (CODE ELI15 SAVES YOU 15%),40-45,g,Sweetener,CODE ELI15 SAVES YOU 15%
No Protein,Coffee Toffee Bar Crunch,68,Base,5G (1 TSP) VANILLA BEAN PASTE (OR EXTRACT),5,g,Vanilla Bean Paste,Alt measurement: 1 TSP; OR EXTRACT
No Protein,Coffee Toffee Bar Crunch,68,Base,1 TBSP INSTANT COFFEE,1,tbsp,Instant Coffee,
No Protein,Coffee Toffee Bar Crunch,68,Base,A PINCH OF SALT,A pinch,pinch,Salt,
No Protein,Coffee Toffee Bar Crunch,68,Base,1G (¼ TSP) XANTHAN GUM,1,g,Xanthan Gum,Alt measurement: ¼ TSP
No Protein,Coffee Toffee Bar Crunch,68,Mix-in,21G (3 MINI BARS) HEATH BAR (CAN SUB WITH ANY CHOCOLATE COVERED TOFFEE),21,g,Heath Bar,3 MINI BARS; CAN SUB WITH ANY CHOCOLATE COVERED TOFFEE
No Protein,Confetti Cake Blizzard,70,Base,400G FAT FREE ULTRA-FILTERED MILK,400,g,Fat Free Ultra-Filtered Milk,
No Protein,Confetti Cake Blizzard,70,Base,40-45G SWEETENER (CODE ELI15 SAVES YOU 15%),40-45,g,Sweetener,CODE ELI15 SAVES YOU 15%
No Protein,Confetti Cake Blizzard,70,Base,5G (1 TSP) VANILLA BEAN PASTE (OR EXTRACT),5,g,Vanilla Bean Paste,Alt measurement: 1 TSP; OR EXTRACT
No Protein,Confetti Cake Blizzard,70,Base,A PINCH OF SALT,A pinch,pinch,Salt,
No Protein,Confetti Cake Blizzard,70,Base,1G (¼ TSP) XANTHAN GUM,1,g,Xanthan Gum,Alt measurement: ¼ TSP
No Protein,Confetti Cake Blizzard,70,Mix-in,½ OF A PACKAGE OF THE FUUL BIRTHDAY CAKE COOKIE DOUGH BITES (CODE FPF SAVES YOU 15%),½,,Package Of The Fuul Birthday Cake Cookie Dough Bites,CODE FPF SAVES YOU 15%
No Protein,Cookie Monster,72,Base,400G FAT FREE ULTRA-FILTERED MILK,400,g,Fat Free Ultra-Filtered Milk,
No Protein,Cookie Monster,72,Base,40-45G SWEETENER (CODE ELI15 SAVES YOU 15%),40-45,g,Sweetener,CODE ELI15 SAVES YOU 15%
No Protein,Cookie Monster,72,Base,5G (1 TSP) VANILLA BEAN PASTE (OR EXTRACT),5,g,Vanilla Bean Paste,Alt measurement: 1 TSP; OR EXTRACT
No Protein,Cookie Monster,72,Base,A PINCH OF SALT,A pinch,pinch,Salt,
No Protein,Cookie Monster,72,Base,1G (¼ TSP) XANTHAN GUM,1,g,Xanthan Gum,Alt measurement: ¼ TSP
No Protein,Cookie Monster,72,Base,1-2 DROPS OF BLUE FOOD COLORING (OPTIONAL),1-2,drops,Blue Food Coloring,OPTIONAL
No Protein,Cookie Monster,72,Mix-in,½ OF A PACKAGE OF THE FUUL CHOCOLATE CHIP COOKIE DOUGH BITES (CODE FPF SAVES YOU 15%),½,,Package Of The Fuul Chocolate Chip Cookie Dough Bites,CODE FPF SAVES YOU 15%
No Protein,Cookie Monster,72,Mix-in,2 OREO THINS (CREAM REMOVED),2,,Oreo Thins,CREAM REMOVED
No Protein,Cotton Candy Blizzard,74,Base,400G FAT FREE ULTRA-FILTERED MILK,400,g,Fat Free Ultra-Filtered Milk,
No Protein,Cotton Candy Blizzard,74,Base,40-45G SWEETENER (CODE ELI15 SAVES YOU 15%),40-45,g,Sweetener,CODE ELI15 SAVES YOU 15%
No Protein,Cotton Candy Blizzard,74,Base,1G (¼ TSP) LORANN COTTON CANDY FLAVORING,1,g,Lorann Cotton Candy Flavoring,Alt measurement: ¼ TSP
No Protein,Cotton Candy Blizzard,74,Base,A PINCH OF SALT,A pinch,pinch,Salt,
No Protein,Cotton Candy Blizzard,74,Base,1G (¼ TSP) XANTHAN GUM,1,g,Xanthan Gum,Alt measurement: ¼ TSP
No Protein,Cotton Candy Blizzard,74,Mix-in,USE WHATEVER KIND OF PINK AND PURPLE SPRINKLES OR CANDY YOU CAN FIND. I’M NOT INCLUDING THEM IN THE MACROS BECAUSE THEY WILL VARY GREATLY DEPENDING ON WHAT YOU USE.,,,Use Whatever Kind Of Pink And Purple Sprinkles Or Candy You Can Find. I’M Not Including Them In The Macros Because They Will Vary Greatly Depending On What You Use.,
No Protein,Dirt Cake,76,Base,400G FAT FREE ULTRA-FILTERED MILK,400,g,Fat Free Ultra-Filtered Milk,
No Protein,Dirt Cake,76,Base,40G SWEETENER (CODE ELI15 SAVES YOU 15%),40,g,Sweetener,CODE ELI15 SAVES YOU 15%
No Protein,Dirt Cake,76,Base,7G (1 TBSP) VANILLA PUDDING MIX,7,g,Vanilla Pudding Mix,Alt measurement: 1 TBSP
No Protein,Dirt Cake,76,Base,5G (1 TSP) VANILLA BEAN PASTE (OR EXTRACT),5,g,Vanilla Bean Paste,Alt measurement: 1 TSP; OR EXTRACT
No Protein,Dirt Cake,76,Base,A PINCH OF SALT,A pinch,pinch,Salt,
No Protein,Dirt Cake,76,Base,1G (¼ TSP) XANTHAN GUM,1,g,Xanthan Gum,Alt measurement: ¼ TSP
No Protein,Dirt Cake,76,Mix-in,"4 OREO THINS, CREAM REMOVED (3 MIXED IN, 1 CRUMBLED ON TOP)",4,,"Oreo Thins, Cream Removed","3 MIXED IN, 1 CRUMBLED ON TOP"
No Protein,Dirt Cake,76,Mix-in,15G (1 TBSP) LAKANTO CHOCOLATE SAUCE,15,g,Lakanto Chocolate Sauce,Alt measurement: 1 TBSP
No Protein,Dole Whip,78,Base,"170G (1 CUP) PINEAPPLE (CANNED, FRESH, OR FROZEN)",170,g,Pineapple,"Alt measurement: 1 CUP; CANNED, FRESH, OR FROZEN"
No Protein,Dole Whip,78,Base,60G OR ABOUT ½ OF A MEDIUM BANANA,60,g,Or About ½ Of A Medium Banana,
No Protein,Dole Whip,78,Base,180G (¾ CUP) UNSWEETENED COCONUT MILK,180,g,Unsweetened Coconut Milk,Alt measurement: ¾ CUP
No Protein,Dole Whip,78,Base,"20-30G (2 TBSP) SWEETENER (CODE ELI15 SAVES YOU 15%), OPTIONAL BUT RECOMMENDED",20-30,g,"Sweetener, Optional But Recommended",Alt measurement: 2 TBSP; CODE ELI15 SAVES YOU 15%
No Protein,Dole Whip,78,Base,A SPLASH OF VANILLA BEAN PASTE (OR EXTRACT),A splash,splash,Vanilla Bean Paste,OR EXTRACT
No Protein,Dubai Chocolate,80,Base,400G FAT FREE ULTRA-FILTERED MILK,400,g,Fat Free Ultra-Filtered Milk,
No Protein,Dubai Chocolate,80,Base,30-35G SWEETENER (CODE ELI15 SAVES YOU 15%),30-35,g,Sweetener,CODE ELI15 SAVES YOU 15%
No Protein,Dubai Chocolate,80,Base,20G PISTACHIO BUTTER (OR PISTACHIO CREAM),20,g,Pistachio Butter,OR PISTACHIO CREAM
No Protein,Dubai Chocolate,80,Base,½ TSP SUGAR-FREE PISTACHIO SYRUP (OPTIONAL),½,tsp,Sugar-Free Pistachio Syrup,OPTIONAL
No Protein,Dubai Chocolate,80,Base,5G (1 TSP) VANILLA BEAN PASTE (OR EXTRACT),5,g,Vanilla Bean Paste,Alt measurement: 1 TSP; OR EXTRACT
No Protein,Dubai Chocolate,80,Base,A PINCH OF SALT,A pinch,pinch,Salt,
No Protein,Dubai Chocolate,80,Base,1G (¼ TSP) XANTHAN GUM,1,g,Xanthan Gum,Alt measurement: ¼ TSP
No Protein,Dubai Chocolate,80,Mix-in,10G SHREDDED KATAIFI,10,g,Shredded Kataifi,
No Protein,Dubai Chocolate,80,Mix-in,15G SUGAR-FREE CHOCOLATE CHIPS + 3G COCONUT OIL (USING SLIGHTLY MORE COCONUT OIL SO THE MELTED CHOCOLATE SPREADS MORE EASILY),15,g,Sugar-Free Chocolate Chips + 3G Coconut Oil,USING SLIGHTLY MORE COCONUT OIL SO THE MELTED CHOCOLATE SPREADS MORE EASILY
No Protein,Eggnog,82,Base,300G FAT FREE ULTRA-FILTERED MILK,300,g,Fat Free Ultra-Filtered Milk,
No Protein,Eggnog,82,Base,100G ALMOND NOG (OR ANY LOW FAT EGGNOG),100,g,Almond Nog,OR ANY LOW FAT EGGNOG
No Protein,Eggnog,82,Base,"1 LARGE EGG (OPTIONAL – ADDS CUSTARD-STYLE CREAMINESS, SKIP IF YOU PREFER)",1,large,Egg,"OPTIONAL – ADDS CUSTARD-STYLE CREAMINESS, SKIP IF YOU PREFER"
No Protein,Eggnog,82,Base,35-40G SWEETENER (CODE ELI15 SAVES YOU 15%),35-40,g,Sweetener,CODE ELI15 SAVES YOU 15%
No Protein,Eggnog,82,Base,2G (½ TSP) NUTMEG,2,g,Nutmeg,Alt measurement: ½ TSP
No Protein,Eggnog,82,Base,1G (¼ TSP) CINNAMON,1,g,Cinnamon,Alt measurement: ¼ TSP
No Protein,Eggnog,82,Base,A PINCH OF GROUND CLOVE,A pinch,pinch,Ground Clove,
No Protein,Eggnog,82,Base,A PINCH OF SALT,A pinch,pinch,Salt,
No Protein,Eggnog,82,Base,0.5G (⅛ TSP) XANTHAN GUM (DOUBLE THIS IF YOU’RE SKIPPING THE EGG),0.5,g,Xanthan Gum,Alt measurement: ⅛ TSP; DOUBLE THIS IF YOU’RE SKIPPING THE EGG
No Protein,Frosted Animal Cookie Blizzard,84,Base,400G FAT FREE ULTRA-FILTERED MILK,400,g,Fat Free Ultra-Filtered Milk,
No Protein,Frosted Animal Cookie Blizzard,84,Base,40G SWEETENER (CODE ELI15 SAVES YOU 15%),40,g,Sweetener,CODE ELI15 SAVES YOU 15%
No Protein,Frosted Animal Cookie Blizzard,84,Base,3G (½ TSP) CAKE BATTER EXTRACT,3,g,Cake Batter Extract,Alt measurement: ½ TSP
No Protein,Frosted Animal Cookie Blizzard,84,Base,2.5G (½ TSP) VANILLA BEAN PASTE (OR EXTRACT),2.5,g,Vanilla Bean Paste,Alt measurement: ½ TSP; OR EXTRACT
No Protein,Frosted Animal Cookie Blizzard,84,Base,A PINCH OF SALT,A pinch,pinch,Salt,
No Protein,Frosted Animal Cookie Blizzard,84,Base,1G (¼ TSP) XANTHAN GUM,1,g,Xanthan Gum,Alt measurement: ¼ TSP
No Protein,Frosted Animal Cookie Blizzard,84,Mix-in,24G FROSTED ANIMAL COOKIES,24,g,Frosted Animal Cookies,
No Protein,Fruit Sorbet,86,Base,"1 CAN (~400 G) FRUIT OF YOUR CHOICE (MANGOS, PEACHES, PEARS, ETC.)",1,can,Fruit Of Your Choice,"Alt measurement: ~400 G; MANGOS, PEACHES, PEARS, ETC."
No Protein,Fruit Sorbet,86,Base,25G (2 TBSP) SWEETENER (CODE ELI15 SAVES YOU 15%),25,g,Sweetener,Alt measurement: 2 TBSP; CODE ELI15 SAVES YOU 15%
No Protein,Fruit Sorbet,86,Base,1G (¼ TSP) SALT,1,g,Salt,Alt measurement: ¼ TSP
No Protein,Fruit Sorbet,86,Base,1G (¼ TSP) XANTHAN GUM,1,g,Xanthan Gum,Alt measurement: ¼ TSP
No Protein,Fruity Pebbles,88,Base,400G FAT FREE ULTRA-FILTERED MILK,400,g,Fat Free Ultra-Filtered Milk,
No Protein,Fruity Pebbles,88,Base,40-45G SWEETENER (CODE ELI15 SAVES YOU 15%),40-45,g,Sweetener,CODE ELI15 SAVES YOU 15%
No Protein,Fruity Pebbles,88,Base,5G (1 TSP) VANILLA BEAN PASTE (OR EXTRACT),5,g,Vanilla Bean Paste,Alt measurement: 1 TSP; OR EXTRACT
No Protein,Fruity Pebbles,88,Base,A PINCH OF SALT,A pinch,pinch,Salt,
No Protein,Fruity Pebbles,88,Base,1G (¼ TSP) XANTHAN GUM,1,g,Xanthan Gum,Alt measurement: ¼ TSP
No Protein,Fruity Pebbles,88,Mix-in,20G FRUITY PEBBLES,20,g,Fruity Pebbles,
No Protein,Grape Sorbet,90,Base,1-1.5 CUPS OF GREEN (OR RED) GRAPES,1-1.5,cups,Green Grapes,OR RED
No Protein,Grape Sorbet,90,Base,SPRITE ZERO UNTIL THE FILL LINE,,,Sprite Zero Until The Fill Line,
No Protein,Horchata,92,Base,400G FAT FREE ULTRA-FILTERED MILK,400,g,Fat Free Ultra-Filtered Milk,
No Protein,Horchata,92,Base,40-45G SWEETENER (CODE ELI15 SAVES YOU 15%),40-45,g,Sweetener,CODE ELI15 SAVES YOU 15%
No Protein,Horchata,92,Base,5G (1 TSP) VANILLA BEAN PASTE (OR EXTRACT),5,g,Vanilla Bean Paste,Alt measurement: 1 TSP; OR EXTRACT
No Protein,Horchata,92,Base,3G (½ TSP) CINNAMON,3,g,Cinnamon,Alt measurement: ½ TSP
No Protein,Horchata,92,Base,A PINCH OF SALT,A pinch,pinch,Salt,
No Protein,Horchata,92,Base,1G (¼ TSP) XANTHAN GUM,1,g,Xanthan Gum,Alt measurement: ¼ TSP
No Protein,Key Lime Pie,94,Base,350G FAT FREE ULTRA-FILTERED MILK THE JUICE OF 2 LIMES (SHOULD BE ~75G),350,g,Fat Free Ultra-Filtered Milk The Juice Of 2 Limes,SHOULD BE ~75G
No Protein,Key Lime Pie,94,Base,THE ZEST OF THE SAME 2 LIMES,,,The Zest Of The Same 2 Limes,
No Protein,Key Lime Pie,94,Base,45G SWEETENER (CODE ELI15 SAVES YOU 15%),45,g,Sweetener,CODE ELI15 SAVES YOU 15%
No Protein,Key Lime Pie,94,Base,5G (1 TSP) VANILLA BEAN PASTE (OR EXTRACT),5,g,Vanilla Bean Paste,Alt measurement: 1 TSP; OR EXTRACT
No Protein,Key Lime Pie,94,Base,A PINCH OF SALT,A pinch,pinch,Salt,
No Protein,Key Lime Pie,94,Base,1G (¼ TSP) XANTHAN GUM,1,g,Xanthan Gum,Alt measurement: ¼ TSP
No Protein,Key Lime Pie,94,Mix-in,28G (1 SMALL PACKAGE) TEDDY GRAHAMS (CAN SUB FOR GRAHAM CRACKERS),28,g,Teddy Grahams,1 SMALL PACKAGE; CAN SUB FOR GRAHAM CRACKERS
No Protein,Key Lime Pie,94,Mix-in,10G (2 TBSP) FAT FREE REDDIWIP (CAN SUB WITH ANY WHIPPED CREAM),10,g,Fat Free Reddiwip,Alt measurement: 2 TBSP; CAN SUB WITH ANY WHIPPED CREAM
No Protein,M&M,96,Base,400G FAT FREE ULTRA-FILTERED MILK,400,g,Fat Free Ultra-Filtered Milk,
No Protein,M&M,96,Base,40-45G SWEETENER (CODE ELI15 SAVES YOU 15%),40-45,g,Sweetener,CODE ELI15 SAVES YOU 15%
No Protein,M&M,96,Base,5G (1 TSP) VANILLA BEAN PASTE (OR EXTRACT),5,g,Vanilla Bean Paste,Alt measurement: 1 TSP; OR EXTRACT
No Protein,M&M,96,Base,A PINCH OF SALT,A pinch,pinch,Salt,
No Protein,M&M,96,Base,1G (¼ TSP) XANTHAN GUM,1,g,Xanthan Gum,Alt measurement: ¼ TSP
No Protein,M&M,96,Mix-in,15G M&M’S (I LIKE THE MINI M&M’S BECAUSE YOU GET MORE QUANTITY FOR THE SAME WEIGHT),15,g,M&M’S,I LIKE THE MINI M&M’S BECAUSE YOU GET MORE QUANTITY FOR THE SAME WEIGHT
No Protein,Maple,98,Base,400G FAT FREE ULTRA-FILTERED MILK,400,g,Fat Free Ultra-Filtered Milk,
No Protein,Maple,98,Base,25-30G SWEETENER (CODE ELI15 SAVES YOU 15%),25-30,g,Sweetener,CODE ELI15 SAVES YOU 15%
No Protein,Maple,98,Base,30G SUGAR FREE SYRUP,30,g,Sugar Free Syrup,
No Protein,Maple,98,Base,A PINCH OF SALT,A pinch,pinch,Salt,
No Protein,Maple,98,Base,1G (¼ TSP) XANTHAN GUM,1,g,Xanthan Gum,Alt measurement: ¼ TSP
No Protein,Marshmallow Sky,100,Base,400G FAT FREE ULTRA-FILTERED MILK,400,g,Fat Free Ultra-Filtered Milk,
No Protein,Marshmallow Sky,100,Base,40G SWEETENER (CODE ELI15 SAVES YOU 15%),40,g,Sweetener,CODE ELI15 SAVES YOU 15%
No Protein,Marshmallow Sky,100,Base,15G MINI MARSHMALLOWS,15,g,Mini Marshmallows,
No Protein,Marshmallow Sky,100,Base,5G (1 TSP) VANILLA BEAN PASTE (OR EXTRACT),5,g,Vanilla Bean Paste,Alt measurement: 1 TSP; OR EXTRACT
No Protein,Marshmallow Sky,100,Base,A PINCH OF SALT,A pinch,pinch,Salt,
No Protein,Marshmallow Sky,100,Base,1G (¼ TSP) XANTHAN GUM,1,g,Xanthan Gum,Alt measurement: ¼ TSP
No Protein,Marshmallow Sky,100,Base,1-2 DROPS BLUE FOOD COLORING (OPTIONAL),1-2,drops,Blue Food Coloring,OPTIONAL
No Protein,Marshmallow Sky,100,Mix-in,½ OF A PACKAGE OF THE FUUL CHOCOLATE CHIP COOKIE DOUGH BITES (CODE FPF SAVES YOU 15%),½,,Package Of The Fuul Chocolate Chip Cookie Dough Bites,CODE FPF SAVES YOU 15%
No Protein,Marshmallow Sky,100,Mix-in,5G MINI LUCKY-CHARMS-STYLE MARSHMALLOWS (I USED THE ONES FROM JET PUFFED),5,g,Mini Lucky-Charms-Style Marshmallows,I USED THE ONES FROM JET PUFFED
No Protein,Matcha,102,Base,400G FAT FREE ULTRA-FILTERED MILK,400,g,Fat Free Ultra-Filtered Milk,
No Protein,Matcha,102,Base,4G (2 TSP) MATCHA,4,g,Matcha,Alt measurement: 2 TSP
No Protein,Matcha,102,Base,40-45G SWEETENER (CODE ELI15 SAVES YOU 15%),40-45,g,Sweetener,CODE ELI15 SAVES YOU 15%
No Protein,Matcha,102,Base,5G (1 TSP) VANILLA BEAN PASTE (OR EXTRACT),5,g,Vanilla Bean Paste,Alt measurement: 1 TSP; OR EXTRACT
No Protein,Matcha,102,Base,A PINCH OF SALT,A pinch,pinch,Salt,
No Protein,Matcha,102,Base,1G (¼ TSP) XANTHAN GUM,1,g,Xanthan Gum,Alt measurement: ¼ TSP
No Protein,Matcha Oreo,104,Base,400G FAT FREE ULTRA-FILTERED MILK,400,g,Fat Free Ultra-Filtered Milk,
No Protein,Matcha Oreo,104,Base,4G (2 TSP) MATCHA,4,g,Matcha,Alt measurement: 2 TSP
No Protein,Matcha Oreo,104,Base,40-45G SWEETENER (CODE ELI15 SAVES YOU 15%),40-45,g,Sweetener,CODE ELI15 SAVES YOU 15%
No Protein,Matcha Oreo,104,Base,A PINCH OF SALT,A pinch,pinch,Salt,
No Protein,Matcha Oreo,104,Base,1G (¼ TSP) XANTHAN GUM,1,g,Xanthan Gum,Alt measurement: ¼ TSP
No Protein,Matcha Oreo,104,Base,(OPTIONAL) 5G (1 TSP) VANILLA BEAN PASTE (OR EXTRACT),5,g,Vanilla Bean Paste,Optional; Alt measurement: 1 TSP; OR EXTRACT
No Protein,Matcha Oreo,104,Mix-in,5 OREO THINS (CREAM REMOVED),5,,Oreo Thins,CREAM REMOVED
No Protein,Milk & Cookies,106,Base,400G FAT FREE ULTRA-FILTERED MILK,400,g,Fat Free Ultra-Filtered Milk,
No Protein,Milk & Cookies,106,Base,40-45G SWEETENER (CODE ELI15 SAVES YOU 15%),40-45,g,Sweetener,CODE ELI15 SAVES YOU 15%
No Protein,Milk & Cookies,106,Base,5G (1 TSP) VANILLA BEAN PASTE (OR EXTRACT),5,g,Vanilla Bean Paste,Alt measurement: 1 TSP; OR EXTRACT
No Protein,Milk & Cookies,106,Base,A PINCH OF SALT,A pinch,pinch,Salt,
No Protein,Milk & Cookies,106,Base,1G (¼ TSP) XANTHAN GUM,1,g,Xanthan Gum,Alt measurement: ¼ TSP
No Protein,Milk & Cookies,106,Mix-in,½ OF A PACKAGE OF THE FUUL CHOCOLATE CHIP COOKIE DOUGH BITES (CODE FPF SAVES YOU 15%),½,,Package Of The Fuul Chocolate Chip Cookie Dough Bites,CODE FPF SAVES YOU 15%
No Protein,Milk & Cookies,106,Mix-in,2 OREO THINS (CREAM REMOVED),2,,Oreo Thins,CREAM REMOVED
No Protein,Mint Chocolate Chip,108,Base,400G FAT FREE ULTRA-FILTERED MILK,400,g,Fat Free Ultra-Filtered Milk,
No Protein,Mint Chocolate Chip,108,Base,40G SWEETENER (CODE ELI15 SAVES YOU 15%),40,g,Sweetener,CODE ELI15 SAVES YOU 15%
No Protein,Mint Chocolate Chip,108,Base,⅛ TSP (5-6 DROPS) PEPPERMINT EXTRACT,⅛,tsp,Peppermint Extract,5-6 DROPS
No Protein,Mint Chocolate Chip,108,Base,½ TSP VANILLA BEAN PASTE (OR EXTRACT),½,tsp,Vanilla Bean Paste,OR EXTRACT
No Protein,Mint Chocolate Chip,108,Base,A PINCH OF SALT,A pinch,pinch,Salt,
No Protein,Mint Chocolate Chip,108,Base,1G (¼ TSP) XANTHAN GUM,1,g,Xanthan Gum,Alt measurement: ¼ TSP
No Protein,Mint Chocolate Chip,108,Mix-in,15G SUGAR-FREE CHOCOLATE CHIPS (60 CAL) MIXED WITH 2G OF COCONUT OIL (27 CAL),15,g,Sugar-Free Chocolate Chips Mixed With 2G Of Coconut Oil,60 CAL; 27 CAL
No Protein,Moose Tracks,110,Base,400G FAT FREE ULTRA-FILTERED MILK,400,g,Fat Free Ultra-Filtered Milk,
No Protein,Moose Tracks,110,Base,40-45G SWEETENER (CODE ELI15 SAVES YOU 15%),40-45,g,Sweetener,CODE ELI15 SAVES YOU 15%
No Protein,Moose Tracks,110,Base,5G (1 TSP) VANILLA BEAN PASTE (OR EXTRACT),5,g,Vanilla Bean Paste,Alt measurement: 1 TSP; OR EXTRACT
No Protein,Moose Tracks,110,Base,A PINCH OF SALT,A pinch,pinch,Salt,
No Protein,Moose Tracks,110,Base,1G (¼ TSP) XANTHAN GUM,1,g,Xanthan Gum,Alt measurement: ¼ TSP
No Protein,Moose Tracks,110,Mix-in,"1 PEANUT BUTTER CUP, CHOPPED (~15G OR 80 CALORIES WORTH)",1,,"Peanut Butter Cup, Chopped",~15G OR 80 CALORIES WORTH
No Protein,Moose Tracks,110,Mix-in,15G SUGAR-FREE CHOCOLATE CHIPS (60 CAL) MIXED WITH 2G OF COCONUT OIL (27 CAL),15,g,Sugar-Free Chocolate Chips Mixed With 2G Of Coconut Oil,60 CAL; 27 CAL
No Protein,Netflix & Chill’D,112,Base,400G FAT FREE ULTRA-FILTERED MILK,400,g,Fat Free Ultra-Filtered Milk,
No Protein,Netflix & Chill’D,112,Base,40-45G SWEETENER (CODE ELI15 SAVES YOU 15%),40-45,g,Sweetener,CODE ELI15 SAVES YOU 15%
No Protein,Netflix & Chill’D,112,Base,8G (½ TBSP) PEANUT BUTTER,8,g,Peanut Butter,Alt measurement: ½ TBSP
No Protein,Netflix & Chill’D,112,Base,16G (2 TBSP) PEANUT BUTTER POWDER (LIKE PBFIT),16,g,Peanut Butter Powder,Alt measurement: 2 TBSP; LIKE PBFIT
No Protein,Netflix & Chill’D,112,Base,1G (¼ TSP) SALT,1,g,Salt,Alt measurement: ¼ TSP
No Protein,Netflix & Chill’D,112,Base,1G (¼ TSP) XANTHAN GUM,1,g,Xanthan Gum,Alt measurement: ¼ TSP
No Protein,Netflix & Chill’D,112,Mix-in,10G CRUSHED UP PRETZELS,10,g,Crushed Up Pretzels,
No Protein,Netflix & Chill’D,112,Mix-in,½ OF A PRIME BITES PROTEIN BROWNIE (CODE FPF SAVES YOU 15%),½,,Prime Bites Protein Brownie,CODE FPF SAVES YOU 15%
No Protein,Oatmeal Cream Pie,114,Base,400G FAT FREE ULTRA-FILTERED MILK,400,g,Fat Free Ultra-Filtered Milk,
No Protein,Oatmeal Cream Pie,114,Base,40G SWEETENER (CODE ELI15 SAVES YOU 15%),40,g,Sweetener,CODE ELI15 SAVES YOU 15%
No Protein,Oatmeal Cream Pie,114,Base,5G (1 TSP) VANILLA BEAN PASTE (OR EXTRACT),5,g,Vanilla Bean Paste,Alt measurement: 1 TSP; OR EXTRACT
No Protein,Oatmeal Cream Pie,114,Base,1G (¼ TSP) CINNAMON,1,g,Cinnamon,Alt measurement: ¼ TSP
No Protein,Oatmeal Cream Pie,114,Base,A PINCH OF SALT,A pinch,pinch,Salt,
No Protein,Oatmeal Cream Pie,114,Base,1G (¼ TSP) XANTHAN GUM,1,g,Xanthan Gum,Alt measurement: ¼ TSP
No Protein,Oatmeal Cream Pie,114,Mix-in,¾ OF AN OATMEAL CREAM PIE,¾,,Oatmeal Cream Pie,
No Protein,Oatmeal Cream Pie,114,Mix-in,5G MINI LUCKY-CHARMS-STYLE MARSHMALLOWS (I USED THE ONES FROM JET PUFFED),5,g,Mini Lucky-Charms-Style Marshmallows,I USED THE ONES FROM JET PUFFED
No Protein,One Love,116,Base,400G FAT FREE ULTRA-FILTERED MILK,400,g,Fat Free Ultra-Filtered Milk,
No Protein,One Love,116,Base,40G SWEETENER (CODE ELI15 SAVES YOU 15%),40,g,Sweetener,CODE ELI15 SAVES YOU 15%
No Protein,One Love,116,Base,1 MEDIUM SIZE BANANA (~100G),1,medium,Size Banana,~100G
No Protein,One Love,116,Base,5G (1 TSP) VANILLA BEAN PASTE (OR EXTRACT),5,g,Vanilla Bean Paste,Alt measurement: 1 TSP; OR EXTRACT
No Protein,One Love,116,Base,A PINCH OF SALT,A pinch,pinch,Salt,
No Protein,One Love,116,Base,1G (¼ TSP) XANTHAN GUM,1,g,Xanthan Gum,Alt measurement: ¼ TSP
No Protein,One Love,116,Mix-in,15G SUGAR-FREE CHOCOLATE CHIPS + 2G COCONUT OIL,15,g,Sugar-Free Chocolate Chips + 2G Coconut Oil,
No Protein,One Love,116,Mix-in,3G CRUSHED GRAHAM CRACKER,3,g,Crushed Graham Cracker,
No Protein,One Love,116,Mix-in,5G CARAMEL SYRUP,5,g,Caramel Syrup,
No Protein,Orange Creamsicle,118,Base,250G ORANGES OR ORANGE JUICE,250,g,Oranges Or Orange Juice,
No Protein,Orange Creamsicle,118,Base,250G FAT FREE ULTRA-FILTERED MILK,250,g,Fat Free Ultra-Filtered Milk,
No Protein,Orange Creamsicle,118,Base,20G SWEETENER (CODE ELI15 SAVES YOU 15%),20,g,Sweetener,CODE ELI15 SAVES YOU 15%
No Protein,Orange Creamsicle,118,Base,5G (1 TSP) VANILLA EXTRACT,5,g,Vanilla Extract,Alt measurement: 1 TSP
No Protein,Orange Creamsicle,118,Base,1G (¼ TSP) SALT,1,g,Salt,Alt measurement: ¼ TSP
No Protein,Orange Creamsicle,118,Base,1G (¼ TSP) XANTHAN GUM,1,g,Xanthan Gum,Alt measurement: ¼ TSP
No Protein,Oreo Mcflurry,120,Base,400G FAT FREE ULTRA-FILTERED MILK,400,g,Fat Free Ultra-Filtered Milk,
No Protein,Oreo Mcflurry,120,Base,40-45G SWEETENER (CODE ELI15 SAVES YOU 15%),40-45,g,Sweetener,CODE ELI15 SAVES YOU 15%
No Protein,Oreo Mcflurry,120,Base,5G (1 TSP) VANILLA BEAN PASTE (OR EXTRACT),5,g,Vanilla Bean Paste,Alt measurement: 1 TSP; OR EXTRACT
No Protein,Oreo Mcflurry,120,Base,A PINCH OF SALT,A pinch,pinch,Salt,
No Protein,Oreo Mcflurry,120,Base,1G (¼ TSP) XANTHAN GUM,1,g,Xanthan Gum,Alt measurement: ¼ TSP
No Protein,Oreo Mcflurry,120,Mix-in,5 OREO THINS (CREAM REMOVED),5,,Oreo Thins,CREAM REMOVED
No Protein,Peaches And Cream Frozen Yogurt,122,Base,"1 CUP PEACHES (CANNED, FRESH, OR FROZEN)",1,cup,Peaches,"CANNED, FRESH, OR FROZEN"
No Protein,Peaches And Cream Frozen Yogurt,122,Base,150G (1 SMALL CONTAINER) HIGH PROTEIN VANILLA YOGURT,150,g,High Protein Vanilla Yogurt,1 SMALL CONTAINER
No Protein,Peaches And Cream Frozen Yogurt,122,Base,240G (1 CUP) FAT FREE ULTRA-FILTERED MILK,240,g,Fat Free Ultra-Filtered Milk,Alt measurement: 1 CUP
No Protein,Peaches And Cream Frozen Yogurt,122,Base,25G (2 TBSP) SWEETENER (CODE ELI15 SAVES YOU 15%),25,g,Sweetener,Alt measurement: 2 TBSP; CODE ELI15 SAVES YOU 15%
No Protein,Peaches And Cream Frozen Yogurt,122,Base,A PINCH OF SALT,A pinch,pinch,Salt,
No Protein,Peaches And Cream Frozen Yogurt,122,Base,1G (¼ TSP) XANTHAN GUM,1,g,Xanthan Gum,Alt measurement: ¼ TSP
No Protein,Peanut Butter Cup,124,Base,400G FAT FREE ULTRA-FILTERED MILK,400,g,Fat Free Ultra-Filtered Milk,
No Protein,Peanut Butter Cup,124,Base,40-45G SWEETENER (CODE ELI15 SAVES YOU 15%),40-45,g,Sweetener,CODE ELI15 SAVES YOU 15%
No Protein,Peanut Butter Cup,124,Base,8G (½ TBSP) PEANUT BUTTER,8,g,Peanut Butter,Alt measurement: ½ TBSP
No Protein,Peanut Butter Cup,124,Base,16G (2 TBSP) PEANUT BUTTER POWDER (LIKE PBFIT),16,g,Peanut Butter Powder,Alt measurement: 2 TBSP; LIKE PBFIT
No Protein,Peanut Butter Cup,124,Base,1G (¼ TSP) SALT,1,g,Salt,Alt measurement: ¼ TSP
No Protein,Peanut Butter Cup,124,Base,1G (¼ TSP) XANTHAN GUM,1,g,Xanthan Gum,Alt measurement: ¼ TSP
No Protein,Peanut Butter Cup,124,Mix-in,17G CHOPPED PEANUT BUTTER CUPS,17,g,Chopped Peanut Butter Cups,
No Protein,Peanut Butter Half Baked,126,Base,400G FAT FREE ULTRA-FILTERED MILK,400,g,Fat Free Ultra-Filtered Milk,
No Protein,Peanut Butter Half Baked,126,Base,40-45G SWEETENER (CODE ELI15 SAVES YOU 15%),40-45,g,Sweetener,CODE ELI15 SAVES YOU 15%
No Protein,Peanut Butter Half Baked,126,Base,8G (½ TBSP) PEANUT BUTTER,8,g,Peanut Butter,Alt measurement: ½ TBSP
No Protein,Peanut Butter Half Baked,126,Base,16G (2 TBSP) PEANUT BUTTER POWDER (LIKE PBFIT),16,g,Peanut Butter Powder,Alt measurement: 2 TBSP; LIKE PBFIT
No Protein,Peanut Butter Half Baked,126,Base,1G (¼ TSP) SALT,1,g,Salt,Alt measurement: ¼ TSP
No Protein,Peanut Butter Half Baked,126,Base,1G (¼ TSP) XANTHAN GUM,1,g,Xanthan Gum,Alt measurement: ¼ TSP
No Protein,Peanut Butter Half Baked,126,Mix-in,20G OF THE FUUL CHOCOLATE CHIP COOKIE DOUGH BITES (CODE FPF SAVES YOU 15%),20,g,The Fuul Chocolate Chip Cookie Dough Bites,CODE FPF SAVES YOU 15%
No Protein,Peanut Butter Half Baked,126,Mix-in,⅓ OF A PRIME BITES PROTEIN BROWNIE (CODE FPF SAVES YOU 15%),⅓,,Prime Bites Protein Brownie,CODE FPF SAVES YOU 15%
No Protein,Peanut Butter Oreo,128,Base,400G FAT FREE ULTRA-FILTERED MILK,400,g,Fat Free Ultra-Filtered Milk,
No Protein,Peanut Butter Oreo,128,Base,40-45G SWEETENER (CODE ELI15 SAVES YOU 15%),40-45,g,Sweetener,CODE ELI15 SAVES YOU 15%
No Protein,Peanut Butter Oreo,128,Base,8G (½ TBSP) PEANUT BUTTER,8,g,Peanut Butter,Alt measurement: ½ TBSP
No Protein,Peanut Butter Oreo,128,Base,16G (2 TBSP) PB FIT,16,g,PB Fit,Alt measurement: 2 TBSP
No Protein,Peanut Butter Oreo,128,Base,1G (¼ TSP) SALT,1,g,Salt,Alt measurement: ¼ TSP
No Protein,Peanut Butter Oreo,128,Base,1G (¼ TSP) XANTHAN GUM,1,g,Xanthan Gum,Alt measurement: ¼ TSP
No Protein,Peanut Butter Oreo,128,Mix-in,3 OREO THINS,3,,Oreo Thins,
No Protein,Pecan Pie,130,Base,400G FAT FREE ULTRA-FILTERED MILK,400,g,Fat Free Ultra-Filtered Milk,
No Protein,Pecan Pie,130,Base,40G BROWN SUGAR SWEETENER (CODE ELI15 SAVES YOU 15%),40,g,Brown Sugar Sweetener,CODE ELI15 SAVES YOU 15%
No Protein,Pecan Pie,130,Base,5G (1 TSP) VANILLA BEAN PASTE (OR EXTRACT),5,g,Vanilla Bean Paste,Alt measurement: 1 TSP; OR EXTRACT
No Protein,Pecan Pie,130,Base,A PINCH OF SALT,A pinch,pinch,Salt,
No Protein,Pecan Pie,130,Base,1G (¼ TSP) XANTHAN GUM,1,g,Xanthan Gum,Alt measurement: ¼ TSP
No Protein,Pecan Pie,130,Mix-in,10G PECAN PRALINES (OR REGULAR PECANS),10,g,Pecan Pralines,OR REGULAR PECANS
No Protein,Pecan Pie,130,Mix-in,1 MINI PIE CRUST (100 CALORIES),1,mini,Pie Crust,100 CALORIES
No Protein,Peppermint,132,Base,400G FAT FREE ULTRA-FILTERED MILK,400,g,Fat Free Ultra-Filtered Milk,
No Protein,Peppermint,132,Base,40G SWEETENER (CODE ELI15 SAVES YOU 15%),40,g,Sweetener,CODE ELI15 SAVES YOU 15%
No Protein,Peppermint,132,Base,2.5G (½ TSP) VANILLA BEAN PASTE (OR EXTRACT),2.5,g,Vanilla Bean Paste,Alt measurement: ½ TSP; OR EXTRACT
No Protein,Peppermint,132,Base,⅛ TSP PEPPERMINT EXTRACT,⅛,tsp,Peppermint Extract,
No Protein,Peppermint,132,Base,1 TSP PEPPERMINT BARK SKINNY SYRUPS (OPTIONAL),1,tsp,Peppermint Bark Skinny Syrups,OPTIONAL
No Protein,Peppermint,132,Base,A PINCH OF SALT,A pinch,pinch,Salt,
No Protein,Peppermint,132,Base,1G (¼ TSP) XANTHAN GUM,1,g,Xanthan Gum,Alt measurement: ¼ TSP
No Protein,Peppermint Bark,134,Base,400G FAT FREE ULTRA-FILTERED MILK,400,g,Fat Free Ultra-Filtered Milk,
No Protein,Peppermint Bark,134,Base,40G SWEETENER (CODE ELI15 SAVES YOU 15%),40,g,Sweetener,CODE ELI15 SAVES YOU 15%
No Protein,Peppermint Bark,134,Base,2.5G (½ TSP) VANILLA BEAN PASTE (OR EXTRACT),2.5,g,Vanilla Bean Paste,Alt measurement: ½ TSP; OR EXTRACT
No Protein,Peppermint Bark,134,Base,⅛ TSP PEPPERMINT EXTRACT,⅛,tsp,Peppermint Extract,
No Protein,Peppermint Bark,134,Base,1 TSP PEPPERMINT BARK SKINNY SYRUPS (OPTIONAL),1,tsp,Peppermint Bark Skinny Syrups,OPTIONAL
No Protein,Peppermint Bark,134,Base,A PINCH OF SALT,A pinch,pinch,Salt,
No Protein,Peppermint Bark,134,Base,1G (¼ TSP) XANTHAN GUM,1,g,Xanthan Gum,Alt measurement: ¼ TSP
No Protein,Peppermint Bark,134,Mix-in,2 PEPPERMINT BARK CHOCOLATE SQUARE OR PEPPERMINT CANDIES (~70 CALORIES),2,,Peppermint Bark Chocolate Square Or Peppermint Candies,~70 CALORIES
No Protein,Peppermint Brownie,136,Base,400G FAT FREE ULTRA-FILTERED MILK,400,g,Fat Free Ultra-Filtered Milk,
No Protein,Peppermint Brownie,136,Base,40G SWEETENER (CODE ELI15 SAVES YOU 15%),40,g,Sweetener,CODE ELI15 SAVES YOU 15%
No Protein,Peppermint Brownie,136,Base,2.5G (½ TSP) VANILLA BEAN PASTE (OR EXTRACT),2.5,g,Vanilla Bean Paste,Alt measurement: ½ TSP; OR EXTRACT
No Protein,Peppermint Brownie,136,Base,⅛ TSP PEPPERMINT EXTRACT,⅛,tsp,Peppermint Extract,
No Protein,Peppermint Brownie,136,Base,1 TSP PEPPERMINT BARK SKINNY SYRUPS (OPTIONAL),1,tsp,Peppermint Bark Skinny Syrups,OPTIONAL
No Protein,Peppermint Brownie,136,Base,A PINCH OF SALT,A pinch,pinch,Salt,
No Protein,Peppermint Brownie,136,Base,1G (¼ TSP) XANTHAN GUM,1,g,Xanthan Gum,Alt measurement: ¼ TSP
No Protein,Peppermint Brownie,136,Mix-in,1 PACKAGE PRIME BITES (CODE FPF SAVES YOU 15%) CHOCOLATE FUDGE MINI MUFFINS (195 CAL 15G PRO; CAN SUB WITH ANY CHOCOLATE MUFFIN),1,package,Prime Bites Chocolate Fudge Mini Muffins,CODE FPF SAVES YOU 15%; 195 CAL 15G PRO; CAN SUB WITH ANY CHOCOLATE MUFFIN
No Protein,Pistachio,138,Base,400G FAT FREE ULTRA-FILTERED MILK,400,g,Fat Free Ultra-Filtered Milk,
No Protein,Pistachio,138,Base,20G PISTACHIO BUTTER (OR PISTACHIO CREAM),20,g,Pistachio Butter,OR PISTACHIO CREAM
No Protein,Pistachio,138,Base,30-35G SWEETENER (CODE ELI15 SAVES YOU 15%),30-35,g,Sweetener,CODE ELI15 SAVES YOU 15%
No Protein,Pistachio,138,Base,5G (1 TSP) VANILLA BEAN PASTE (OR EXTRACT),5,g,Vanilla Bean Paste,Alt measurement: 1 TSP; OR EXTRACT
No Protein,Pistachio,138,Base,A PINCH OF SALT,A pinch,pinch,Salt,
No Protein,Pistachio,138,Base,1G (¼ TSP) XANTHAN GUM,1,g,Xanthan Gum,Alt measurement: ¼ TSP
No Protein,Pistachio Pistachio,140,Base,400G FAT FREE ULTRA-FILTERED MILK,400,g,Fat Free Ultra-Filtered Milk,
No Protein,Pistachio Pistachio,140,Base,30-35G SWEETENER (CODE ELI15 SAVES YOU 15%),30-35,g,Sweetener,CODE ELI15 SAVES YOU 15%
No Protein,Pistachio Pistachio,140,Base,20G PISTACHIO BUTTER (OR PISTACHIO CREAM),20,g,Pistachio Butter,OR PISTACHIO CREAM
No Protein,Pistachio Pistachio,140,Base,½ TSP SUGAR-FREE PISTACHIO SYRUP (OPTIONAL),½,tsp,Sugar-Free Pistachio Syrup,OPTIONAL
No Protein,Pistachio Pistachio,140,Base,5G (1 TSP) VANILLA BEAN PASTE (OR EXTRACT),5,g,Vanilla Bean Paste,Alt measurement: 1 TSP; OR EXTRACT
No Protein,Pistachio Pistachio,140,Base,A PINCH OF SALT,A pinch,pinch,Salt,
No Protein,Pistachio Pistachio,140,Base,1G (¼ TSP) XANTHAN GUM,1,g,Xanthan Gum,Alt measurement: ¼ TSP
No Protein,Pistachio Pistachio,140,Mix-in,"10G ROASTED, SALTED PISTACHIOS, CHOPPED",10,g,"Roasted, Salted Pistachios, Chopped",
No Protein,Pumpkin Bread Crumble,142,Base,400G FAT FREE ULTRA-FILTERED MILK,400,g,Fat Free Ultra-Filtered Milk,
No Protein,Pumpkin Bread Crumble,142,Base,40-45G SWEETENER (CODE ELI15 SAVES YOU 15%),40-45,g,Sweetener,CODE ELI15 SAVES YOU 15%
No Protein,Pumpkin Bread Crumble,142,Base,5G (1 TSP) VANILLA BEAN PASTE (OR EXTRACT),5,g,Vanilla Bean Paste,Alt measurement: 1 TSP; OR EXTRACT
No Protein,Pumpkin Bread Crumble,142,Base,A PINCH OF SALT,A pinch,pinch,Salt,
No Protein,Pumpkin Bread Crumble,142,Base,1G (¼ TSP) XANTHAN GUM,1,g,Xanthan Gum,Alt measurement: ¼ TSP
No Protein,Pumpkin Bread Crumble,142,Mix-in,1 PRIME BITES (CODE FPF SAVES YOU 15%) PUMPKIN SPICE BROWNIE (CAN SUB WITH ANY KIND OF PUMPKIN BREAD OR COOKIE),1,,Prime Bites Pumpkin Spice Brownie,CODE FPF SAVES YOU 15%; CAN SUB WITH ANY KIND OF PUMPKIN BREAD OR COOKIE
No Protein,Pumpkin Cheesecake,144,Base,400G FAT FREE ULTRA-FILTERED MILK,400,g,Fat Free Ultra-Filtered Milk,
No Protein,Pumpkin Cheesecake,144,Base,40-45G SWEETENER (CODE ELI15 SAVES YOU 15%),40-45,g,Sweetener,CODE ELI15 SAVES YOU 15%
No Protein,Pumpkin Cheesecake,144,Base,60G CANNED PUMPKIN,60,g,Canned Pumpkin,
No Protein,Pumpkin Cheesecake,144,Base,30G (2 TBSP) PUMPKIN CREAM CHEESE (CAN SUB WITH REGULAR CREAM CHEESE + 5G BROWN SUGAR SWEETENER + A DASH OF CINNAMON AND PUMPKIN PIE SPICE),30,g,Pumpkin Cream Cheese,Alt measurement: 2 TBSP; CAN SUB WITH REGULAR CREAM CHEESE + 5G BROWN SUGAR SWEETENER + A DASH OF CINNAMON AND PUMPKIN PIE SPICE
No Protein,Pumpkin Cheesecake,144,Base,2.5G (½ TSP) VANILLA BEAN PASTE (OR EXTRACT),2.5,g,Vanilla Bean Paste,Alt measurement: ½ TSP; OR EXTRACT
No Protein,Pumpkin Cheesecake,144,Base,2G (½ TSP) PUMPKIN PIE SPICE,2,g,Pumpkin Pie Spice,Alt measurement: ½ TSP
No Protein,Pumpkin Cheesecake,144,Base,A PINCH OF SALT,A pinch,pinch,Salt,
No Protein,Pumpkin Cheesecake,144,Base,1G (¼ TSP) XANTHAN GUM,1,g,Xanthan Gum,Alt measurement: ¼ TSP
No Protein,Pumpkin Cheesecake,144,Mix-in,½ SHEET OF A GRAHAM CRACKER,½,sheet,A Graham Cracker,
No Protein,Pumpkin Pie Blizzard,146,Base,400G FAT FREE ULTRA-FILTERED MILK,400,g,Fat Free Ultra-Filtered Milk,
No Protein,Pumpkin Pie Blizzard,146,Base,40-45G SWEETENER (CODE ELI15 SAVES YOU 15%),40-45,g,Sweetener,CODE ELI15 SAVES YOU 15%
No Protein,Pumpkin Pie Blizzard,146,Base,60G CANNED PUMPKIN,60,g,Canned Pumpkin,
No Protein,Pumpkin Pie Blizzard,146,Base,2.5G (½ TSP) VANILLA BEAN PASTE (OR EXTRACT),2.5,g,Vanilla Bean Paste,Alt measurement: ½ TSP; OR EXTRACT
No Protein,Pumpkin Pie Blizzard,146,Base,2G (½ TSP) PUMPKIN PIE SPICE,2,g,Pumpkin Pie Spice,Alt measurement: ½ TSP
No Protein,Pumpkin Pie Blizzard,146,Base,A PINCH OF SALT,A pinch,pinch,Salt,
No Protein,Pumpkin Pie Blizzard,146,Base,1G (¼ TSP) XANTHAN GUM,1,g,Xanthan Gum,Alt measurement: ¼ TSP
No Protein,Pumpkin Pie Blizzard,146,Mix-in,1 MINI PIE CRUST (100 CALORIES),1,mini,Pie Crust,100 CALORIES
No Protein,Pumpkin Spice,148,Base,400G FAT FREE ULTRA-FILTERED MILK,400,g,Fat Free Ultra-Filtered Milk,
No Protein,Pumpkin Spice,148,Base,40-45G SWEETENER (CODE ELI15 SAVES YOU 15%),40-45,g,Sweetener,CODE ELI15 SAVES YOU 15%
No Protein,Pumpkin Spice,148,Base,60G PURE PUMPKIN (NOT PUMPKIN PIE FILLING),60,g,Pure Pumpkin,NOT PUMPKIN PIE FILLING
No Protein,Pumpkin Spice,148,Base,5G (1 TSP) VANILLA EXTRACT OR VANILLA BEAN PASTE,5,g,Vanilla Extract Or Vanilla Bean Paste,Alt measurement: 1 TSP
No Protein,Pumpkin Spice,148,Base,2G (½ TSP) PUMPKIN PIE SPICE,2,g,Pumpkin Pie Spice,Alt measurement: ½ TSP
No Protein,Pumpkin Spice,148,Base,1G (¼ TSP) SALT,1,g,Salt,Alt measurement: ¼ TSP
No Protein,Pumpkin Spice,148,Base,1G (¼ TSP) XANTHAN GUM,1,g,Xanthan Gum,Alt measurement: ¼ TSP
No Protein,Pumpkin Spice Latte,150,Base,400G FAT FREE ULTRA-FILTERED MILK,400,g,Fat Free Ultra-Filtered Milk,
No Protein,Pumpkin Spice Latte,150,Base,40-45G SWEETENER (CODE ELI15 SAVES YOU 15%),40-45,g,Sweetener,CODE ELI15 SAVES YOU 15%
No Protein,Pumpkin Spice Latte,150,Base,60G CANNED PUMPKIN,60,g,Canned Pumpkin,
No Protein,Pumpkin Spice Latte,150,Base,1 SHOT OF ESPRESSO,1,shot,Espresso,
No Protein,Pumpkin Spice Latte,150,Base,(OPTIONAL) 1 TBSP COFFEE CREAMER (I LIKE TRADER JOE’S BROWN SUGAR CREAMER),1,tbsp,Coffee Creamer,Optional; I LIKE TRADER JOE’S BROWN SUGAR CREAMER
No Protein,Pumpkin Spice Latte,150,Base,2.5G (½ TSP) VANILLA BEAN PASTE (OR EXTRACT),2.5,g,Vanilla Bean Paste,Alt measurement: ½ TSP; OR EXTRACT
No Protein,Pumpkin Spice Latte,150,Base,2G (½ TSP) PUMPKIN PIE SPICE,2,g,Pumpkin Pie Spice,Alt measurement: ½ TSP
No Protein,Pumpkin Spice Latte,150,Base,A PINCH OF SALT,A pinch,pinch,Salt,
No Protein,Pumpkin Spice Latte,150,Base,1G (¼ TSP) XANTHAN GUM,1,g,Xanthan Gum,Alt measurement: ¼ TSP
No Protein,Raspberry Cheesecake Topped,152,Base,400G FAT FREE ULTRA-FILTERED MILK,400,g,Fat Free Ultra-Filtered Milk,
No Protein,Raspberry Cheesecake Topped,152,Base,22G (2 TBSP) WHIPPED (OR REGULAR) CREAM CHEESE,22,g,Whipped Cream Cheese,Alt measurement: 2 TBSP; OR REGULAR
No Protein,Raspberry Cheesecake Topped,152,Base,40-45G SWEETENER (CODE ELI15 SAVES YOU 15%),40-45,g,Sweetener,CODE ELI15 SAVES YOU 15%
No Protein,Raspberry Cheesecake Topped,152,Base,5G (1 TSP) VANILLA BEAN PASTE (OR EXTRACT),5,g,Vanilla Bean Paste,Alt measurement: 1 TSP; OR EXTRACT
No Protein,Raspberry Cheesecake Topped,152,Base,A PINCH OF SALT,A pinch,pinch,Salt,
No Protein,Raspberry Cheesecake Topped,152,Base,1G (¼ TSP) XANTHAN GUM,1,g,Xanthan Gum,Alt measurement: ¼ TSP
No Protein,Raspberry Cheesecake Topped,152,Mix-in,"28G (1 OZ) FROZEN RASPBERRIES (YES, THEY HAVE TO BE FROZEN SO THEY DON’T INTRODUCE ANY EXTRA LIQUID TO THE MIX)",28,g,Frozen Raspberries,"Alt measurement: 1 OZ; YES, THEY HAVE TO BE FROZEN SO THEY DON’T INTRODUCE ANY EXTRA LIQUID TO THE MIX"
No Protein,Raspberry Cheesecake Topped,152,Mix-in,14G (½ A SMALL PACKAGE) TEDDY GRAHAMS (CAN SUB FOR GRAHAM CRACKERS),14,g,Teddy Grahams,½ A SMALL PACKAGE; CAN SUB FOR GRAHAM CRACKERS
No Protein,Raspberry Cheesecake Topped,152,Mix-in,15G WHITE CHOCOLATE CHIPS MIXED WITH 2G OF COCONUT OIL,15,g,White Chocolate Chips Mixed With 2G Of Coconut Oil,
No Protein,Red Velvet Cake Blizzard,154,Base,400G FAT FREE ULTRA-FILTERED MILK,400,g,Fat Free Ultra-Filtered Milk,
No Protein,Red Velvet Cake Blizzard,154,Base,22G (2 TBSP) WHIPPED (OR REGULAR) CREAM CHEESE,22,g,Whipped Cream Cheese,Alt measurement: 2 TBSP; OR REGULAR
No Protein,Red Velvet Cake Blizzard,154,Base,40-45G SWEETENER (CODE ELI15 SAVES YOU 15%),40-45,g,Sweetener,CODE ELI15 SAVES YOU 15%
No Protein,Red Velvet Cake Blizzard,154,Base,5G (1 TSP) VANILLA BEAN PASTE (OR EXTRACT),5,g,Vanilla Bean Paste,Alt measurement: 1 TSP; OR EXTRACT
No Protein,Red Velvet Cake Blizzard,154,Base,A PINCH OF SALT,A pinch,pinch,Salt,
No Protein,Red Velvet Cake Blizzard,154,Base,1G (¼ TSP) XANTHAN GUM,1,g,Xanthan Gum,Alt measurement: ¼ TSP
No Protein,Red Velvet Cake Blizzard,154,Mix-in,½ OF A RED VELVET PRIME BITES PROTEIN BROWNIE (CODE FPF SAVES YOU 15%),½,,Red Velvet Prime Bites Protein Brownie,CODE FPF SAVES YOU 15%
No Protein,Reese’S Caramel Craze Blizzard,156,Base,400G FAT FREE ULTRA-FILTERED MILK,400,g,Fat Free Ultra-Filtered Milk,
No Protein,Reese’S Caramel Craze Blizzard,156,Base,40-45G SWEETENER (CODE ELI15 SAVES YOU 15%),40-45,g,Sweetener,CODE ELI15 SAVES YOU 15%
No Protein,Reese’S Caramel Craze Blizzard,156,Base,5G (1 TSP) VANILLA BEAN PASTE (OR EXTRACT),5,g,Vanilla Bean Paste,Alt measurement: 1 TSP; OR EXTRACT
No Protein,Reese’S Caramel Craze Blizzard,156,Base,A PINCH OF SALT,A pinch,pinch,Salt,
No Protein,Reese’S Caramel Craze Blizzard,156,Base,1G (¼ TSP) XANTHAN GUM,1,g,Xanthan Gum,Alt measurement: ¼ TSP
No Protein,Reese’S Caramel Craze Blizzard,156,Mix-in,10G MINI REESE’S PB CUPS,10,g,Mini Reese's PB Cups,
No Protein,Reese’S Caramel Craze Blizzard,156,Mix-in,12G (2 PIECES) ROLOS (OR ANY CHOCOLATE COVERED CARAMELS),12,g,Rolos,2 PIECES; OR ANY CHOCOLATE COVERED CARAMELS
No Protein,Reese’S Caramel Craze Blizzard,156,Mix-in,10G SUGAR-FREE CHOCOLATE CHIPS MIXED WITH 1.5G OF COCONUT OIL,10,g,Sugar-Free Chocolate Chips Mixed With 1.5G Of Coconut Oil,
No Protein,Reese’S Pieces,158,Base,400G FAT FREE ULTRA-FILTERED MILK,400,g,Fat Free Ultra-Filtered Milk,
No Protein,Reese’S Pieces,158,Base,40-45G SWEETENER (CODE ELI15 SAVES YOU 15%),40-45,g,Sweetener,CODE ELI15 SAVES YOU 15%
No Protein,Reese’S Pieces,158,Base,5G (1 TSP) VANILLA BEAN PASTE (OR EXTRACT),5,g,Vanilla Bean Paste,Alt measurement: 1 TSP; OR EXTRACT
No Protein,Reese’S Pieces,158,Base,A PINCH OF SALT,A pinch,pinch,Salt,
No Protein,Reese’S Pieces,158,Base,1G (¼ TSP) XANTHAN GUM,1,g,Xanthan Gum,Alt measurement: ¼ TSP
No Protein,Reese’S Pieces,158,Mix-in,1 PACKAGE (49G) QUEST PEANUT BUTTER CANDIES (CAN SUB WITH REESE’S PIECES),1,package,Quest Peanut Butter Candies,49G; CAN SUB WITH REESE’S PIECES
No Protein,Rice Krispy Treat,160,Base,400G FAT FREE ULTRA-FILTERED MILK,400,g,Fat Free Ultra-Filtered Milk,
No Protein,Rice Krispy Treat,160,Base,35-40G SWEETENER (CODE ELI15 SAVES YOU 15%),35-40,g,Sweetener,CODE ELI15 SAVES YOU 15%
No Protein,Rice Krispy Treat,160,Base,10G MINI MARSHMALLOWS,10,g,Mini Marshmallows,
No Protein,Rice Krispy Treat,160,Base,6G MARSHMALLOW FLUFF,6,g,Marshmallow Fluff,
No Protein,Rice Krispy Treat,160,Base,5G (1 TSP) VANILLA BEAN PASTE (OR EXTRACT),5,g,Vanilla Bean Paste,Alt measurement: 1 TSP; OR EXTRACT
No Protein,Rice Krispy Treat,160,Base,A PINCH OF SALT,A pinch,pinch,Salt,
No Protein,Rice Krispy Treat,160,Base,1G (¼ TSP) XANTHAN GUM,1,g,Xanthan Gum,Alt measurement: ¼ TSP
No Protein,Rice Krispy Treat,160,Mix-in,20G RICE KRISPY TREAT,20,g,Rice Krispy Treat,
No Protein,S’Mores Blizzard,162,Base,400G FAT FREE ULTRA-FILTERED MILK,400,g,Fat Free Ultra-Filtered Milk,
No Protein,S’Mores Blizzard,162,Base,40G SWEETENER (CODE ELI15 SAVES YOU 15%),40,g,Sweetener,CODE ELI15 SAVES YOU 15%
No Protein,S’Mores Blizzard,162,Base,15G MINI MARSHMALLOWS,15,g,Mini Marshmallows,
No Protein,S’Mores Blizzard,162,Base,5G (1 TSP) VANILLA BEAN PASTE (OR EXTRACT),5,g,Vanilla Bean Paste,Alt measurement: 1 TSP; OR EXTRACT
No Protein,S’Mores Blizzard,162,Base,A PINCH OF SALT,A pinch,pinch,Salt,
No Protein,S’Mores Blizzard,162,Base,1G (¼ TSP) XANTHAN GUM,1,g,Xanthan Gum,Alt measurement: ¼ TSP
No Protein,S’Mores Blizzard,162,Mix-in,½ SHEET OF A GRAHAM CRACKER,½,sheet,A Graham Cracker,
No Protein,S’Mores Blizzard,162,Mix-in,½ OF A HORMBLES CHORMBLES (PROTEIN CHOCOLATE BAR WITH 100 CAL AND 10G PRO),½,,Hormbles Chormbles,PROTEIN CHOCOLATE BAR WITH 100 CAL AND 10G PRO
No Protein,S’Mores Blizzard,162,Mix-in,5G MINI LUCKY-CHARMS-STYLE MARSHMALLOWS (I USED THE ONES FROM,5,g,Mini Lucky-Charms-Style Marshmallows (I Used The Ones From,
No Protein,Salted Peanut Butter,164,Base,400G FAT FREE ULTRA-FILTERED MILK,400,g,Fat Free Ultra-Filtered Milk,
No Protein,Salted Peanut Butter,164,Base,40-45G SWEETENER (CODE ELI15 SAVES YOU 15%),40-45,g,Sweetener,CODE ELI15 SAVES YOU 15%
No Protein,Salted Peanut Butter,164,Base,8G (½ TBSP) PEANUT BUTTER,8,g,Peanut Butter,Alt measurement: ½ TBSP
No Protein,Salted Peanut Butter,164,Base,16G (2 TBSP) PEANUT BUTTER POWDER (LIKE PBFIT),16,g,Peanut Butter Powder,Alt measurement: 2 TBSP; LIKE PBFIT
No Protein,Salted Peanut Butter,164,Base,1G (¼ TSP) SALT,1,g,Salt,Alt measurement: ¼ TSP
No Protein,Salted Peanut Butter,164,Base,1G (¼ TSP) XANTHAN GUM,1,g,Xanthan Gum,Alt measurement: ¼ TSP
No Protein,Salted Peanut Butter,164,Mix-in,15G SUGAR-FREE DARK CHOCOLATE CHIPS (60 CAL) MIXED WITH 2G OF COCONUT OIL (27 CAL),15,g,Sugar-Free Dark Chocolate Chips Mixed With 2G Of Coconut Oil,60 CAL; 27 CAL
No Protein,Shamrock Oreo Mcflurry,166,Base,400G FAT FREE ULTRA-FILTERED MILK,400,g,Fat Free Ultra-Filtered Milk,
No Protein,Shamrock Oreo Mcflurry,166,Base,40-45G SWEETENER (CODE ELI15 SAVES YOU 15%),40-45,g,Sweetener,CODE ELI15 SAVES YOU 15%
No Protein,Shamrock Oreo Mcflurry,166,Base,5G (1 TSP) VANILLA BEAN PASTE (OR EXTRACT),5,g,Vanilla Bean Paste,Alt measurement: 1 TSP; OR EXTRACT
No Protein,Shamrock Oreo Mcflurry,166,Base,⅛ TSP PEPPERMINT EXTRACT,⅛,tsp,Peppermint Extract,
No Protein,Shamrock Oreo Mcflurry,166,Base,1 DROP GREEN FOOD COLORING (OPTIONAL),1,drop,Green Food Coloring,OPTIONAL
No Protein,Shamrock Oreo Mcflurry,166,Base,A PINCH OF SALT,A pinch,pinch,Salt,
No Protein,Shamrock Oreo Mcflurry,166,Base,1G (¼ TSP) XANTHAN GUM,1,g,Xanthan Gum,Alt measurement: ¼ TSP
No Protein,Shamrock Oreo Mcflurry,166,Mix-in,5 OREO THINS (CREAM REMOVED),5,,Oreo Thins,CREAM REMOVED
No Protein,Snowdrift Blizzard,168,Base,400G FAT FREE ULTRA-FILTERED MILK,400,g,Fat Free Ultra-Filtered Milk,
No Protein,Snowdrift Blizzard,168,Base,40-45G SWEETENER (CODE ELI15 SAVES YOU 15%),40-45,g,Sweetener,CODE ELI15 SAVES YOU 15%
No Protein,Snowdrift Blizzard,168,Base,5G (1 TSP) CAKE BATTER EXTRACT,5,g,Cake Batter Extract,Alt measurement: 1 TSP
No Protein,Snowdrift Blizzard,168,Base,A PINCH OF SALT,A pinch,pinch,Salt,
No Protein,Snowdrift Blizzard,168,Base,1G (¼ TSP) XANTHAN GUM,1,g,Xanthan Gum,Alt measurement: ¼ TSP
No Protein,Snowdrift Blizzard,168,Base,1-2 DROPS BLUE FOOD COLORING (OPTIONAL),1-2,drops,Blue Food Coloring,OPTIONAL
No Protein,Snowdrift Blizzard,168,Mix-in,3 OREO THINS (CREAM REMOVED),3,,Oreo Thins,CREAM REMOVED
No Protein,Snowdrift Blizzard,168,Mix-in,10G MINI LUCKY-CHARMS-STYLE MARSHMALLOWS (I USED THE ONES FROM JET PUFFED),10,g,Mini Lucky-Charms-Style Marshmallows,I USED THE ONES FROM JET PUFFED
No Protein,Tart Frozen Yogurt,170,Base,340G (1.5 CUPS) NONFAT GREEK YOGURT,340,g,Nonfat Greek Yogurt,1.5 CUPS
No Protein,Tart Frozen Yogurt,170,Base,60G (¼ CUP) LOW FAT BUTTERMILK,60,g,Low Fat Buttermilk,Alt measurement: ¼ CUP
No Protein,Tart Frozen Yogurt,170,Base,30G (2 TBSP) LEMON JUICE,30,g,Lemon Juice,Alt measurement: 2 TBSP
No Protein,Tart Frozen Yogurt,170,Base,40-50G (¼ CUP) SWEETENER (CODE ELI15 SAVES YOU 15%),40-50,g,Sweetener,Alt measurement: ¼ CUP; CODE ELI15 SAVES YOU 15%
No Protein,Thai Tea,172,Base,300G FAT FREE ULTRA-FILTERED MILK,300,g,Fat Free Ultra-Filtered Milk,
No Protein,Thai Tea,172,Base,100G THAI TEA (UNSWEETENED),100,g,Thai Tea,UNSWEETENED
No Protein,Thai Tea,172,Base,40G SWEETENER (CODE ELI15 SAVES YOU 15%),40,g,Sweetener,CODE ELI15 SAVES YOU 15%
No Protein,Thai Tea,172,Base,5G (1 TSP) VANILLA BEAN PASTE (OR EXTRACT),5,g,Vanilla Bean Paste,Alt measurement: 1 TSP; OR EXTRACT
No Protein,Thai Tea,172,Base,A PINCH OF SALT,A pinch,pinch,Salt,
No Protein,Thai Tea,172,Base,1G (¼ TSP) XANTHAN GUM,1,g,Xanthan Gum,Alt measurement: ¼ TSP
No Protein,Thai Tea,172,Mix-in,15G SWEETENED CONDENSED MILK,15,g,Sweetened Condensed Milk,
No Protein,Tiramisu Topped,174,Base,400G FAT FREE ULTRA-FILTERED MILK,400,g,Fat Free Ultra-Filtered Milk,
No Protein,Tiramisu Topped,174,Base,40G SWEETENER (CODE ELI15 SAVES YOU 15%),40,g,Sweetener,CODE ELI15 SAVES YOU 15%
No Protein,Tiramisu Topped,174,Base,15G MASCARPONE,15,g,Mascarpone,
No Protein,Tiramisu Topped,174,Base,5G (1 TSP) VANILLA BEAN PASTE (OR EXTRACT),5,g,Vanilla Bean Paste,Alt measurement: 1 TSP; OR EXTRACT
No Protein,Tiramisu Topped,174,Base,A PINCH OF SALT,A pinch,pinch,Salt,
No Protein,Tiramisu Topped,174,Base,1G (¼ TSP) XANTHAN GUM,1,g,Xanthan Gum,Alt measurement: ¼ TSP
No Protein,Tiramisu Topped,174,Mix-in,10G HIGHKEY VANILLA WAFERS (CAN SUB WITH NILLA WAFERS),10,g,Highkey Vanilla Wafers,CAN SUB WITH NILLA WAFERS
No Protein,Tiramisu Topped,174,Mix-in,"10G CHOCOLATE COVERED ESPRESSO BEANS (MIX IN ALL BUT ONE - SAVE ONE BEAN, CHOP IT UP FINELY AND TOP WITH IT AT THE END)",10,g,Chocolate Covered Espresso Beans,"MIX IN ALL BUT ONE - SAVE ONE BEAN, CHOP IT UP FINELY AND TOP WITH IT AT THE END"
No Protein,Turtle Pecan Cluster,176,Base,400G FAT FREE ULTRA-FILTERED MILK,400,g,Fat Free Ultra-Filtered Milk,
No Protein,Turtle Pecan Cluster,176,Base,40-45G SWEETENER (CODE ELI15 SAVES YOU 15%),40-45,g,Sweetener,CODE ELI15 SAVES YOU 15%
No Protein,Turtle Pecan Cluster,176,Base,5G (1 TSP) VANILLA BEAN PASTE (OR EXTRACT),5,g,Vanilla Bean Paste,Alt measurement: 1 TSP; OR EXTRACT
No Protein,Turtle Pecan Cluster,176,Base,A PINCH OF SALT,A pinch,pinch,Salt,
No Protein,Turtle Pecan Cluster,176,Base,1G (¼ TSP) XANTHAN GUM,1,g,Xanthan Gum,Alt measurement: ¼ TSP
No Protein,Turtle Pecan Cluster,176,Mix-in,7.5G SALTED CARAMEL SYRUP,7.5,g,Salted Caramel Syrup,
No Protein,Turtle Pecan Cluster,176,Mix-in,5G CHOPPED PECANS,5,g,Chopped Pecans,
No Protein,Turtle Pecan Cluster,176,Mix-in,15G SUGAR-FREE CHOCOLATE CHIPS (60 CAL) MIXED WITH 2G OF COCONUT OIL (27 CAL),15,g,Sugar-Free Chocolate Chips Mixed With 2G Of Coconut Oil,60 CAL; 27 CAL
No Protein,Vanilla,178,Base,400G FAT FREE ULTRA-FILTERED MILK,400,g,Fat Free Ultra-Filtered Milk,
No Protein,Vanilla,178,Base,40-45G SWEETENER (CODE ELI15 SAVES YOU 15%),40-45,g,Sweetener,CODE ELI15 SAVES YOU 15%
No Protein,Vanilla,178,Base,5G (1 TSP) VANILLA BEAN PASTE (OR EXTRACT),5,g,Vanilla Bean Paste,Alt measurement: 1 TSP; OR EXTRACT
No Protein,Vanilla,178,Base,A PINCH OF SALT,A pinch,pinch,Salt,
No Protein,Vanilla,178,Base,1G (¼ TSP) XANTHAN GUM,1,g,Xanthan Gum,Alt measurement: ¼ TSP
No Protein,Vanilla Bean Frozen Yogurt,180,Base,340G (1.5 CUPS) NONFAT GREEK YOGURT,340,g,Nonfat Greek Yogurt,1.5 CUPS
No Protein,Vanilla Bean Frozen Yogurt,180,Base,5G (1 TSP) VANILLA BEAN PASTE (OR EXTRACT),5,g,Vanilla Bean Paste,Alt measurement: 1 TSP; OR EXTRACT
No Protein,Vanilla Bean Frozen Yogurt,180,Base,40-50G (¼ CUP) SWEETENER (CODE ELI15 SAVES YOU 15%),40-50,g,Sweetener,Alt measurement: ¼ CUP; CODE ELI15 SAVES YOU 15%
No Protein,Vanilla Pecan Blondie,182,Base,400G FAT FREE ULTRA-FILTERED MILK,400,g,Fat Free Ultra-Filtered Milk,
No Protein,Vanilla Pecan Blondie,182,Base,40-45G SWEETENER (CODE ELI15 SAVES YOU 15%),40-45,g,Sweetener,CODE ELI15 SAVES YOU 15%
No Protein,Vanilla Pecan Blondie,182,Base,5G (1 TSP) VANILLA BEAN PASTE (OR EXTRACT),5,g,Vanilla Bean Paste,Alt measurement: 1 TSP; OR EXTRACT
No Protein,Vanilla Pecan Blondie,182,Base,A PINCH OF SALT,A pinch,pinch,Salt,
No Protein,Vanilla Pecan Blondie,182,Base,1G (¼ TSP) XANTHAN GUM,1,g,Xanthan Gum,Alt measurement: ¼ TSP
No Protein,Vanilla Pecan Blondie,182,Mix-in,5G CANDIED PECANS,5,g,Candied Pecans,
No Protein,Vanilla Pecan Blondie,182,Mix-in,7G SALTED CARAMEL SYRUP,7,g,Salted Caramel Syrup,
No Protein,Vanilla Pecan Blondie,182,Mix-in,"½ OF A PRIME BITES BLONDIE-STYLE PROTEIN BROWNIE (CODE FPF SAVES YOU 15%), CHOPPED",½,,"Prime Bites Blondie-Style Protein Brownie, Chopped",CODE FPF SAVES YOU 15%
No Protein,Vietnamese Iced Coffee,184,Base,400G FAT FREE ULTRA-FILTERED MILK,400,g,Fat Free Ultra-Filtered Milk,
No Protein,Vietnamese Iced Coffee,184,Base,40-45G SWEETENER (CODE ELI15 SAVES YOU 15%),40-45,g,Sweetener,CODE ELI15 SAVES YOU 15%
No Protein,Vietnamese Iced Coffee,184,Base,1 TBSP INSTANT COFFEE,1,tbsp,Instant Coffee,
No Protein,Vietnamese Iced Coffee,184,Base,A PINCH OF SALT,A pinch,pinch,Salt,
No Protein,Vietnamese Iced Coffee,184,Base,1G (¼ TSP) XANTHAN GUM,1,g,Xanthan Gum,Alt measurement: ¼ TSP
No Protein,Vietnamese Iced Coffee,184,Mix-in,27G SWEETENED CONDENSED MILK,27,g,Sweetened Condensed Milk,
No Protein,Watermelon Sorbet,186,Base,1-1.5 CUPS OF WATERMELON,1-1.5,cups,Watermelon,
No Protein,Watermelon Sorbet,186,Base,SPRITE ZERO UNTIL THE FILL LINE,,,Sprite Zero Until The Fill Line,
Fan Favorites,Americone Dream,14,Base,1 VANILLA PROTEIN SHAKE (350-400ML),1,,Vanilla Protein Shake,350-400ML
Fan Favorites,Americone Dream,14,Base,20-25G SWEETENER (CODE ELI15 SAVES YOU 15%),20-25,g,Sweetener,CODE ELI15 SAVES YOU 15%
Fan Favorites,Americone Dream,14,Base,2.5G (½ TSP) VANILLA BEAN PASTE (OR EXTRACT),2.5,g,Vanilla Bean Paste,Alt measurement: ½ TSP; OR EXTRACT
Fan Favorites,Americone Dream,14,Base,A PINCH OF SALT,A pinch,pinch,Salt,
Fan Favorites,Americone Dream,14,Base,1G (¼ TSP) XANTHAN GUM,1,g,Xanthan Gum,Alt measurement: ¼ TSP
Fan Favorites,Americone Dream,14,Mix-in,1 SERVING (6 MINI CONES) CHOCOLATE-FILLED WAFFLE CONE BITES,1,serving,Chocolate-Filled Waffle Cone Bites,6 MINI CONES
Fan Favorites,Americone Dream,14,Mix-in,7G CARAMEL SYRUP,7,g,Caramel Syrup,
Fan Favorites,Baked Alaska,16,Base,400G FAT FREE ULTRA-FILTERED MILK,400,g,Fat Free Ultra-Filtered Milk,
Fan Favorites,Baked Alaska,16,Base,40-45G SWEETENER (CODE ELI15 SAVES YOU 15%),40-45,g,Sweetener,CODE ELI15 SAVES YOU 15%
Fan Favorites,Baked Alaska,16,Base,5G (1 TSP) VANILLA BEAN PASTE (OR EXTRACT),5,g,Vanilla Bean Paste,Alt measurement: 1 TSP; OR EXTRACT
Fan Favorites,Baked Alaska,16,Base,A PINCH OF SALT,A pinch,pinch,Salt,
Fan Favorites,Baked Alaska,16,Base,1G (¼ TSP) XANTHAN GUM,1,g,Xanthan Gum,Alt measurement: ¼ TSP
Fan Favorites,Baked Alaska,16,Mix-in,10G MINI LUCKY-CHARMS-STYLE MARSHMALLOWS (I USED THE ONES FROM JET PUFFED),10,g,Mini Lucky-Charms-Style Marshmallows,I USED THE ONES FROM JET PUFFED
Fan Favorites,Baked Alaska,16,Mix-in,15G WHITE CHOCOLATE CHIPS MIXED WITH 2G OF COCONUT OIL,15,g,White Chocolate Chips Mixed With 2G Of Coconut Oil,
Fan Favorites,Brownie Batter Blizzard,18,Base,1 CHOCOLATE PROTEIN SHAKE (350-400ML),1,,Chocolate Protein Shake,350-400ML
Fan Favorites,Brownie Batter Blizzard,18,Base,20-25G SWEETENER (CODE ELI15 SAVES YOU 15%),20-25,g,Sweetener,CODE ELI15 SAVES YOU 15%
Fan Favorites,Brownie Batter Blizzard,18,Base,10G BLACK COCOA POWDER,10,g,Black Cocoa Powder,
Fan Favorites,Brownie Batter Blizzard,18,Base,10G COCOA POWDER,10,g,Cocoa Powder,
Fan Favorites,Brownie Batter Blizzard,18,Base,A PINCH OF SALT,A pinch,pinch,Salt,
Fan Favorites,Brownie Batter Blizzard,18,Base,1G (¼ TSP) XANTHAN GUM,1,g,Xanthan Gum,Alt measurement: ¼ TSP
Fan Favorites,Brownie Batter Blizzard,18,Mix-in,½ OF A PRIME BITES PROTEIN BROWNIE,½,,Prime Bites Protein Brownie,
Fan Favorites,Cake Batter Cookie Dough Blizzard,20,Base,400G FAT FREE ULTRA-FILTERED MILK,400,g,Fat Free Ultra-Filtered Milk,
Fan Favorites,Cake Batter Cookie Dough Blizzard,20,Base,40-45G SWEETENER (CODE ELI15 SAVES YOU 15%),40-45,g,Sweetener,CODE ELI15 SAVES YOU 15%
Fan Favorites,Cake Batter Cookie Dough Blizzard,20,Base,5G (1 TSP) CAKE BATTER EXTRACT,5,g,Cake Batter Extract,Alt measurement: 1 TSP
Fan Favorites,Cake Batter Cookie Dough Blizzard,20,Base,A PINCH OF SALT,A pinch,pinch,Salt,
Fan Favorites,Cake Batter Cookie Dough Blizzard,20,Base,1G (¼ TSP) XANTHAN GUM,1,g,Xanthan Gum,Alt measurement: ¼ TSP
Fan Favorites,Cake Batter Cookie Dough Blizzard,20,Base,1-2 DROPS BLUE FOOD COLORING (OPTIONAL),1-2,drops,Blue Food Coloring,OPTIONAL
Fan Favorites,Cake Batter Cookie Dough Blizzard,20,Mix-in,½ OF A PACKAGE OF THE FUUL CHOCOLATE CHIP COOKIE DOUGH BITES,½,,Package Of The Fuul Chocolate Chip Cookie Dough Bites,
Fan Favorites,Cake Batter Cookie Dough Blizzard,20,Mix-in,5G RAINBOW SPRINKLES,5,g,Rainbow Sprinkles,
Fan Favorites,Cherry Garcia,22,Base,1 VANILLA PROTEIN SHAKE (325-350ML),1,,Vanilla Protein Shake,325-350ML
Fan Favorites,Cherry Garcia,22,Base,100G CHERRIES (FRESH OR FROZEN),100,g,Cherries,FRESH OR FROZEN
Fan Favorites,Cherry Garcia,22,Base,20G SWEETENER (CODE ELI15 SAVES YOU 15%),20,g,Sweetener,CODE ELI15 SAVES YOU 15%
Fan Favorites,Cherry Garcia,22,Base,½ TSP VANILLA BEAN PASTE (OR EXTRACT),½,tsp,Vanilla Bean Paste,OR EXTRACT
Fan Favorites,Cherry Garcia,22,Base,A PINCH OF SALT,A pinch,pinch,Salt,
Fan Favorites,Cherry Garcia,22,Base,1G (¼ TSP) XANTHAN GUM,1,g,Xanthan Gum,Alt measurement: ¼ TSP
Fan Favorites,Cherry Garcia,22,Mix-in,15G CHOCOLATE CHIPS (60 CAL) MIXED WITH 2G OF COCONUT OIL (18 CAL),15,g,Chocolate Chips Mixed With 2G Of Coconut Oil,60 CAL; 18 CAL
Fan Favorites,Choco Brownie Extreme Blizzard,24,Base,400G FAT FREE ULTRA-FILTERED MILK,400,g,Fat Free Ultra-Filtered Milk,
Fan Favorites,Choco Brownie Extreme Blizzard,24,Base,40-45G SWEETENER (CODE ELI15 SAVES YOU 15%),40-45,g,Sweetener,CODE ELI15 SAVES YOU 15%
Fan Favorites,Choco Brownie Extreme Blizzard,24,Base,5G (1 TSP) VANILLA BEAN PASTE (OR EXTRACT),5,g,Vanilla Bean Paste,Alt measurement: 1 TSP; OR EXTRACT
Fan Favorites,Choco Brownie Extreme Blizzard,24,Base,A PINCH OF SALT,A pinch,pinch,Salt,
Fan Favorites,Choco Brownie Extreme Blizzard,24,Base,1G (¼ TSP) XANTHAN GUM,1,g,Xanthan Gum,Alt measurement: ¼ TSP
Fan Favorites,Choco Brownie Extreme Blizzard,24,Mix-in,½ OF A PRIME BITES PROTEIN BROWNIE,½,,Prime Bites Protein Brownie,
Fan Favorites,Choco Brownie Extreme Blizzard,24,Mix-in,"½ OF A HORMBLES CHORMBLES CHOCOLATE BAR (100 CAL, 10G PROTEIN CANDY BAR – CAN SUB WITH ANY KIND OF CHOCOLATE)",½,,Hormbles Chormbles Chocolate Bar,"100 CAL, 10G PROTEIN CANDY BAR – CAN SUB WITH ANY KIND OF CHOCOLATE"
Fan Favorites,Choco-Lotta Cheesecake Sundae,26,Base,1 CHOCOLATE PROTEIN SHAKE (350-400ML),1,,Chocolate Protein Shake,350-400ML
Fan Favorites,Choco-Lotta Cheesecake Sundae,26,Base,20-25G SWEETENER (CODE ELI15 SAVES YOU 15%),20-25,g,Sweetener,CODE ELI15 SAVES YOU 15%
Fan Favorites,Choco-Lotta Cheesecake Sundae,26,Base,22G (2 TBSP) WHIPPED (OR REGULAR) CREAM CHEESE,22,g,Whipped Cream Cheese,Alt measurement: 2 TBSP; OR REGULAR
Fan Favorites,Choco-Lotta Cheesecake Sundae,26,Base,10G COCOA POWDER,10,g,Cocoa Powder,
Fan Favorites,Choco-Lotta Cheesecake Sundae,26,Base,A PINCH OF SALT,A pinch,pinch,Salt,
Fan Favorites,Choco-Lotta Cheesecake Sundae,26,Base,1G (¼ TSP) XANTHAN GUM,1,g,Xanthan Gum,Alt measurement: ¼ TSP
Fan Favorites,Choco-Lotta Cheesecake Sundae,26,Mix-in,3 OREO THINS (CREAM REMOVED),3,,Oreo Thins,CREAM REMOVED
Fan Favorites,Choco-Lotta Cheesecake Sundae,26,Mix-in,10G (4 TBSP) FAT FREE REDDIWHIP (OR ANY WHIPPED CREAM),10,g,Fat Free Reddiwhip,Alt measurement: 4 TBSP; OR ANY WHIPPED CREAM
Fan Favorites,Choco-Lotta Cheesecake Sundae,26,Mix-in,"¼ OF A SALTED FUDGE HORMBLES CHORMBLES, CHOPPED (PROTEIN CHOCOLATE BAR WITH 100 CAL AND 10G PRO)",¼,,"Salted Fudge Hormbles Chormbles, Chopped",PROTEIN CHOCOLATE BAR WITH 100 CAL AND 10G PRO
Fan Favorites,Chocolate Caramel Cheesecake,28,Base,1 CARAMEL PROTEIN SHAKE (350-400ML),1,,Caramel Protein Shake,350-400ML
Fan Favorites,Chocolate Caramel Cheesecake,28,Base,20-25G SWEETENER (CODE ELI15 SAVES YOU 15%),20-25,g,Sweetener,CODE ELI15 SAVES YOU 15%
Fan Favorites,Chocolate Caramel Cheesecake,28,Base,7G CHEESECAKE JELLO PUDDING MIX,7,g,Cheesecake Jello Pudding Mix,
Fan Favorites,Chocolate Caramel Cheesecake,28,Base,A PINCH OF SALT,A pinch,pinch,Salt,
Fan Favorites,Chocolate Caramel Cheesecake,28,Mix-in,2 OREO THINS (CREAM REMOVED),2,,Oreo Thins,CREAM REMOVED
Fan Favorites,Chocolate Caramel Cheesecake,28,Mix-in,30G CHEESECAKE BITES COATED IN 2G OF CRUSHED GRAHAM CRACKER (~100 CALORIES WORTH OF ANY CHEESECAKE),30,g,Cheesecake Bites Coated In 2G Of Crushed Graham Cracker,~100 CALORIES WORTH OF ANY CHEESECAKE
Fan Favorites,Chocolate Chip Cookie Dough,30,Base,400G FAT FREE ULTRA-FILTERED MILK,400,g,Fat Free Ultra-Filtered Milk,
Fan Favorites,Chocolate Chip Cookie Dough,30,Base,40-45G SWEETENER (CODE ELI15 SAVES YOU 15%),40-45,g,Sweetener,CODE ELI15 SAVES YOU 15%
Fan Favorites,Chocolate Chip Cookie Dough,30,Base,5G (1 TSP) VANILLA BEAN PASTE (OR EXTRACT),5,g,Vanilla Bean Paste,Alt measurement: 1 TSP; OR EXTRACT
Fan Favorites,Chocolate Chip Cookie Dough,30,Base,A PINCH OF SALT,A pinch,pinch,Salt,
Fan Favorites,Chocolate Chip Cookie Dough,30,Base,1G (¼ TSP) XANTHAN GUM,1,g,Xanthan Gum,Alt measurement: ¼ TSP
Fan Favorites,Chocolate Chip Cookie Dough,30,Mix-in,"1 CHOCOLATE CHIP COOKIE (APPROXIMATELY 30G, CAN SUB WITH COOKIE DOUGH)",1,,Chocolate Chip Cookie,"APPROXIMATELY 30G, CAN SUB WITH COOKIE DOUGH"
Fan Favorites,Chocolate Covered Strawberry,32,Base,1 STRAWBERRY PROTEIN SHAKE (350-400ML),1,,Strawberry Protein Shake,350-400ML
Fan Favorites,Chocolate Covered Strawberry,32,Base,20-25G SWEETENER (CODE ELI15 SAVES YOU 15%),20-25,g,Sweetener,CODE ELI15 SAVES YOU 15%
Fan Favorites,Chocolate Covered Strawberry,32,Base,A PINCH OF SALT,A pinch,pinch,Salt,
Fan Favorites,Chocolate Covered Strawberry,32,Base,1G (¼ TSP) XANTHAN GUM,1,g,Xanthan Gum,Alt measurement: ¼ TSP
Fan Favorites,Chocolate Covered Strawberry,32,Mix-in,1 HEAPING TABLESPOON OF STRAWBERRY JAM (I USED LOW SUGAR SMUCKERS),1,,Heaping Tablespoon Of Strawberry Jam,I USED LOW SUGAR SMUCKERS
Fan Favorites,Chocolate Covered Strawberry,32,Mix-in,15G CHOCOLATE CHIPS + 2G COCONUT OIL,15,g,Chocolate Chips + 2G Coconut Oil,
Fan Favorites,Chocolate Fudge Brownie,34,Base,1 CHOCOLATE PROTEIN SHAKE (350-400ML),1,,Chocolate Protein Shake,350-400ML
Fan Favorites,Chocolate Fudge Brownie,34,Base,20G SWEETENER (CODE ELI15 SAVES YOU 15%),20,g,Sweetener,CODE ELI15 SAVES YOU 15%
Fan Favorites,Chocolate Fudge Brownie,34,Base,10G COCOA POWDER,10,g,Cocoa Powder,
Fan Favorites,Chocolate Fudge Brownie,34,Base,A PINCH OF SALT,A pinch,pinch,Salt,
Fan Favorites,Chocolate Fudge Brownie,34,Base,1G (¼ TSP) XANTHAN GUM,1,g,Xanthan Gum,Alt measurement: ¼ TSP
Fan Favorites,Chocolate Fudge Brownie,34,Mix-in,½ OF A PRIME BITES PROTEIN BROWNIE,½,,Prime Bites Protein Brownie,
Fan Favorites,Chocolate Therapy,36,Base,1 CHOCOLATE PROTEIN SHAKE (350-400ML),1,,Chocolate Protein Shake,350-400ML
Fan Favorites,Chocolate Therapy,36,Base,20-25G SWEETENER (CODE ELI15 SAVES YOU 15%),20-25,g,Sweetener,CODE ELI15 SAVES YOU 15%
Fan Favorites,Chocolate Therapy,36,Base,10G COCOA POWDER,10,g,Cocoa Powder,
Fan Favorites,Chocolate Therapy,36,Base,7-10G CHOCOLATE JELLO PUDDING MIX,7-10,g,Chocolate Jello Pudding Mix,
Fan Favorites,Chocolate Therapy,36,Base,A PINCH OF SALT,A pinch,pinch,Salt,
Fan Favorites,Chocolate Therapy,36,Base,1G (¼ TSP) XANTHAN GUM,1,g,Xanthan Gum,Alt measurement: ¼ TSP
Fan Favorites,Chocolate Therapy,36,Mix-in,3 OREO THINS (CREAM REMOVED),3,,Oreo Thins,CREAM REMOVED
Fan Favorites,Chocolatey Love A-Fair,38,Base,1 CHOCOLATE PROTEIN SHAKE (350-400ML),1,,Chocolate Protein Shake,350-400ML
Fan Favorites,Chocolatey Love A-Fair,38,Base,20-25G SWEETENER (CODE ELI15 SAVES YOU 15%),20-25,g,Sweetener,CODE ELI15 SAVES YOU 15%
Fan Favorites,Chocolatey Love A-Fair,38,Base,10G COCOA POWDER,10,g,Cocoa Powder,
Fan Favorites,Chocolatey Love A-Fair,38,Base,A PINCH OF SALT,A pinch,pinch,Salt,
Fan Favorites,Chocolatey Love A-Fair,38,Base,1G (¼ TSP) XANTHAN GUM,1,g,Xanthan Gum,Alt measurement: ¼ TSP
Fan Favorites,Chocolatey Love A-Fair,38,Mix-in,½ OF A HORMBLES CHORMBLES (PROTEIN CHOCOLATE BAR WITH 100 CAL AND 10G PRO),½,,Hormbles Chormbles,PROTEIN CHOCOLATE BAR WITH 100 CAL AND 10G PRO
Fan Favorites,Chocolatey Love A-Fair,38,Mix-in,"12G (2 PIECES) ROLOS, CHOPPED (OR ANY CHOCOLATE COVERED CARAMELS)",12,g,"Rolos, Chopped",2 PIECES; OR ANY CHOCOLATE COVERED CARAMELS
Fan Favorites,Chocolatey Love A-Fair,38,Mix-in,7G CARAMEL SYRUP,7,g,Caramel Syrup,
Fan Favorites,Chubby Hubby,40,Base,400G FAT FREE ULTRA-FILTERED MILK,400,g,Fat Free Ultra-Filtered Milk,
Fan Favorites,Chubby Hubby,40,Base,40-45G SWEETENER (CODE ELI15 SAVES YOU 15%),40-45,g,Sweetener,CODE ELI15 SAVES YOU 15%
Fan Favorites,Chubby Hubby,40,Base,5G (1 TSP) VANILLA BEAN PASTE (OR EXTRACT),5,g,Vanilla Bean Paste,Alt measurement: 1 TSP; OR EXTRACT
Fan Favorites,Chubby Hubby,40,Base,1 TBSP MALTED MILK POWDER,1,tbsp,Malted Milk Powder,
Fan Favorites,Chubby Hubby,40,Base,A PINCH OF SALT,A pinch,pinch,Salt,
Fan Favorites,Chubby Hubby,40,Base,1G (¼ TSP) XANTHAN GUM,1,g,Xanthan Gum,Alt measurement: ¼ TSP
Fan Favorites,Chubby Hubby,40,Mix-in,15G PEANUT BUTTER CHIPS + 2G COCONUT OIL + A PINCH OF SALT,15,g,Peanut Butter Chips + 2G Coconut Oil + A Pinch Of Salt,
Fan Favorites,Chubby Hubby,40,Mix-in,14G (½ SERVING) CHOCOLATE COVERED PRETZELS,14,g,Chocolate Covered Pretzels,½ SERVING
Fan Favorites,Chunky Monkey,42,Base,400G FAT FREE ULTRA-FILTERED MILK,400,g,Fat Free Ultra-Filtered Milk,
Fan Favorites,Chunky Monkey,42,Base,40G SWEETENER (CODE ELI15 SAVES YOU 15%),40,g,Sweetener,CODE ELI15 SAVES YOU 15%
Fan Favorites,Chunky Monkey,42,Base,1 SMALL BANANA (~80G),1,small,Banana,~80G
Fan Favorites,Chunky Monkey,42,Base,5G (1 TSP) VANILLA BEAN PASTE (OR EXTRACT),5,g,Vanilla Bean Paste,Alt measurement: 1 TSP; OR EXTRACT
Fan Favorites,Chunky Monkey,42,Base,A PINCH OF SALT,A pinch,pinch,Salt,
Fan Favorites,Chunky Monkey,42,Base,1G (¼ TSP) XANTHAN GUM,1,g,Xanthan Gum,Alt measurement: ¼ TSP
Fan Favorites,Chunky Monkey,42,Mix-in,7G CHOPPED WALNUTS,7,g,Chopped Walnuts,
Fan Favorites,Chunky Monkey,42,Mix-in,15G SUGAR-FREE CHOCOLATE CHIPS + 2G COCONUT OIL (YOU CAN EITHER USE THIS AS A MIX-IN OR AS A CHOCOLATE SHELL TOPPING),15,g,Sugar-Free Chocolate Chips + 2G Coconut Oil,YOU CAN EITHER USE THIS AS A MIX-IN OR AS A CHOCOLATE SHELL TOPPING
Fan Favorites,Churray For Churros,44,Base,400G FAT FREE ULTRA-FILTERED MILK,400,g,Fat Free Ultra-Filtered Milk,
Fan Favorites,Churray For Churros,44,Base,40-45G SWEETENER (CODE ELI15 SAVES YOU 15%),40-45,g,Sweetener,CODE ELI15 SAVES YOU 15%
Fan Favorites,Churray For Churros,44,Base,5G (1 TSP) VANILLA BEAN PASTE (OR EXTRACT),5,g,Vanilla Bean Paste,Alt measurement: 1 TSP; OR EXTRACT
Fan Favorites,Churray For Churros,44,Base,0.5G (⅛ TSP) BUTTER EXTRACT,0.5,g,Butter Extract,Alt measurement: ⅛ TSP
Fan Favorites,Churray For Churros,44,Base,2-3G (½ TSP) CINNAMON,2-3,g,Cinnamon,Alt measurement: ½ TSP
Fan Favorites,Churray For Churros,44,Base,A PINCH OF SALT,A pinch,pinch,Salt,
Fan Favorites,Churray For Churros,44,Base,1G (¼ TSP) XANTHAN GUM,1,g,Xanthan Gum,Alt measurement: ¼ TSP
Fan Favorites,Churray For Churros,44,Mix-in,1 PRIME BITES GLAZED CINNAMON ROLL PROTEIN BROWNIE (CHOPPED AND COATED IN A SPRINKLE OF CINNAMON AND SWEETENER),1,,Prime Bites Glazed Cinnamon Roll Protein Brownie,CHOPPED AND COATED IN A SPRINKLE OF CINNAMON AND SWEETENER
Fan Favorites,Cinnamon Bun,46,Base,400G FAT FREE ULTRA-FILTERED MILK (CAN SUB WITH FAT FREE ULTRA-FILTERED MILK),400,g,Fat Free Ultra-Filtered Milk,CAN SUB WITH FAT FREE ULTRA-FILTERED MILK
Fan Favorites,Cinnamon Bun,46,Base,40-45G SWEETENER (CODE ELI15 SAVES YOU 15%) (OR FAVORITE SUGAR SUBSTITUTE),40-45,g,Sweetener,CODE ELI15 SAVES YOU 15%; OR FAVORITE SUGAR SUBSTITUTE
Fan Favorites,Cinnamon Bun,46,Base,5G (1 TSP) VANILLA BEAN PASTE (OR EXTRACT),5,g,Vanilla Bean Paste,Alt measurement: 1 TSP; OR EXTRACT
Fan Favorites,Cinnamon Bun,46,Base,3G (½ TSP) GROUND CINNAMON,3,g,Ground Cinnamon,Alt measurement: ½ TSP
Fan Favorites,Cinnamon Bun,46,Base,1G (¼ TSP) XANTHAN GUM,1,g,Xanthan Gum,Alt measurement: ¼ TSP
Fan Favorites,Cinnamon Bun,46,Base,PINCH OF SALT,Pinch,pinch,Salt,
Fan Favorites,Cinnamon Bun,46,Mix-in,"½ OF A PRIME BITES GLAZED CINNAMON ROLL PROTEIN BROWNIE, CHOPPED AND COATED IN A MIX OF CINNAMON AND SWEETENER (CAN SUB WITH ANY CINNAMON-BASED DESSERT)",½,,"Prime Bites Glazed Cinnamon Roll Protein Brownie, Chopped And Coated In A Mix Of Cinnamon And Sweetener",CAN SUB WITH ANY CINNAMON-BASED DESSERT
Fan Favorites,Coffee Coffee Buzzbuzzbuzz,48,Base,400G FAT FREE ULTRA-FILTERED MILK (CAN SUB WITH A VANILLA PROTEIN SHAKE AND 20G LESS SWEETENER),400,g,Fat Free Ultra-Filtered Milk,CAN SUB WITH A VANILLA PROTEIN SHAKE AND 20G LESS SWEETENER
Fan Favorites,Coffee Coffee Buzzbuzzbuzz,48,Base,40-45G SWEETENER (CODE ELI15 SAVES YOU 15%),40-45,g,Sweetener,CODE ELI15 SAVES YOU 15%
Fan Favorites,Coffee Coffee Buzzbuzzbuzz,48,Base,1 SHOT ESPRESSO (FEEL FREE TO SUB FOR 1 TBSP OF INSTANT COFFEE OR A COMETEER POD),1,shot,Espresso,Alt measurement: FEEL FREE TO SUB FOR 1 TBSP OF INSTANT COFFEE OR A COMETEER POD
Fan Favorites,Coffee Coffee Buzzbuzzbuzz,48,Base,A PINCH OF SALT,A pinch,pinch,Salt,
Fan Favorites,Coffee Coffee Buzzbuzzbuzz,48,Base,1G (¼ TSP) XANTHAN GUM,1,g,Xanthan Gum,Alt measurement: ¼ TSP
Fan Favorites,Coffee Coffee Buzzbuzzbuzz,48,Mix-in,"30G CHOCOLATE COVERED ESPRESSO BEANS, CHOPPED",30,g,"Chocolate Covered Espresso Beans, Chopped",
Fan Favorites,Coffee Toffee Bar Crunch,50,Base,400G FAT FREE ULTRA-FILTERED MILK,400,g,Fat Free Ultra-Filtered Milk,
Fan Favorites,Coffee Toffee Bar Crunch,50,Base,40-45G SWEETENER (CODE ELI15 SAVES YOU 15%),40-45,g,Sweetener,CODE ELI15 SAVES YOU 15%
Fan Favorites,Coffee Toffee Bar Crunch,50,Base,5G (1 TSP) VANILLA BEAN PASTE (OR EXTRACT),5,g,Vanilla Bean Paste,Alt measurement: 1 TSP; OR EXTRACT
Fan Favorites,Coffee Toffee Bar Crunch,50,Base,1 TBSP INSTANT COFFEE,1,tbsp,Instant Coffee,
Fan Favorites,Coffee Toffee Bar Crunch,50,Base,A PINCH OF SALT,A pinch,pinch,Salt,
Fan Favorites,Coffee Toffee Bar Crunch,50,Base,1G (¼ TSP) XANTHAN GUM,1,g,Xanthan Gum,Alt measurement: ¼ TSP
Fan Favorites,Coffee Toffee Bar Crunch,50,Mix-in,21G (3 MINI BARS) HEATH BAR (CAN SUB WITH ANY CHOCOLATE COVERED TOFFEE),21,g,Heath Bar,3 MINI BARS; CAN SUB WITH ANY CHOCOLATE COVERED TOFFEE
Fan Favorites,Confetti Cake Blizzard,52,Base,400G FAT FREE ULTRA-FILTERED MILK,400,g,Fat Free Ultra-Filtered Milk,
Fan Favorites,Confetti Cake Blizzard,52,Base,40-45G SWEETENER (CODE ELI15 SAVES YOU 15%),40-45,g,Sweetener,CODE ELI15 SAVES YOU 15%
Fan Favorites,Confetti Cake Blizzard,52,Base,5G (1 TSP) VANILLA BEAN PASTE (OR EXTRACT),5,g,Vanilla Bean Paste,Alt measurement: 1 TSP; OR EXTRACT
Fan Favorites,Confetti Cake Blizzard,52,Base,A PINCH OF SALT,A pinch,pinch,Salt,
Fan Favorites,Confetti Cake Blizzard,52,Base,1G (¼ TSP) XANTHAN GUM,1,g,Xanthan Gum,Alt measurement: ¼ TSP
Fan Favorites,Confetti Cake Blizzard,52,Mix-in,½ OF A PACKAGE OF THE FUUL BIRTHDAY CAKE COOKIE DOUGH BITES,½,,Package Of The Fuul Birthday Cake Cookie Dough Bites,
Fan Favorites,Cookie Dough,54,Base,1 VANILLA PROTEIN SHAKE (350-400ML),1,,Vanilla Protein Shake,350-400ML
Fan Favorites,Cookie Dough,54,Base,20-25G SWEETENER (CODE ELI15 SAVES YOU 15%),20-25,g,Sweetener,CODE ELI15 SAVES YOU 15%
Fan Favorites,Cookie Dough,54,Base,2.5G (½ TSP) VANILLA BEAN PASTE (OR EXTRACT),2.5,g,Vanilla Bean Paste,Alt measurement: ½ TSP; OR EXTRACT
Fan Favorites,Cookie Dough,54,Base,A PINCH OF SALT,A pinch,pinch,Salt,
Fan Favorites,Cookie Dough,54,Base,1G (¼ TSP) XANTHAN GUM,1,g,Xanthan Gum,Alt measurement: ¼ TSP
Fan Favorites,Cookie Dough,54,Mix-in,½ OF A PACKAGE OF THE FUUL CHOCOLATE CHIP COOKIE DOUGH BITES,½,,Package Of The Fuul Chocolate Chip Cookie Dough Bites,
Fan Favorites,Cosmic Brownie,56,Base,1 CHOCOLATE PROTEIN SHAKE (350-400ML),1,,Chocolate Protein Shake,350-400ML
Fan Favorites,Cosmic Brownie,56,Base,20G SWEETENER (CODE ELI15 SAVES YOU 15%),20,g,Sweetener,CODE ELI15 SAVES YOU 15%
Fan Favorites,Cosmic Brownie,56,Base,20G BLACK COCOA POWDER,20,g,Black Cocoa Powder,
Fan Favorites,Cosmic Brownie,56,Base,A PINCH OF SALT,A pinch,pinch,Salt,
Fan Favorites,Cosmic Brownie,56,Base,1G (¼ TSP) XANTHAN GUM,1,g,Xanthan Gum,Alt measurement: ¼ TSP
Fan Favorites,Cosmic Brownie,56,Mix-in,15G RAINBOW CANDY COATED CHOCOLATE CHIPS,15,g,Rainbow Candy Coated Chocolate Chips,
Fan Favorites,Cotton Candy Blizzard,58,Base,400G FAT FREE ULTRA-FILTERED MILK,400,g,Fat Free Ultra-Filtered Milk,
Fan Favorites,Cotton Candy Blizzard,58,Base,40-45G SWEETENER (CODE ELI15 SAVES YOU 15%),40-45,g,Sweetener,CODE ELI15 SAVES YOU 15%
Fan Favorites,Cotton Candy Blizzard,58,Base,1G (¼ TSP) LORANN COTTON CANDY FLAVORING,1,g,Lorann Cotton Candy Flavoring,Alt measurement: ¼ TSP
Fan Favorites,Cotton Candy Blizzard,58,Base,A PINCH OF SALT,A pinch,pinch,Salt,
Fan Favorites,Cotton Candy Blizzard,58,Base,1G (¼ TSP) XANTHAN GUM,1,g,Xanthan Gum,Alt measurement: ¼ TSP
Fan Favorites,Cotton Candy Blizzard,58,Mix-in,*USE WHATEVER KIND OF PINK AND PURPLE SPRINKLES OR CANDY YOU CAN FIND. I’M NOT INCLUDING THEM IN THE MACROS BECAUSE THEY WILL VARY GREATLY DEPENDING ON WHAT YOU USE.,,,*Use Whatever Kind Of Pink And Purple Sprinkles Or Candy You Can Find. I’M Not Including Them In The Macros Because They Will Vary Greatly Depending On What You Use.,
Fan Favorites,Death By Chocolate,60,Base,1 CHOCOLATE PROTEIN SHAKE (350-400ML),1,,Chocolate Protein Shake,350-400ML
Fan Favorites,Death By Chocolate,60,Base,20-25G SWEETENER (CODE ELI15 SAVES YOU 15%),20-25,g,Sweetener,CODE ELI15 SAVES YOU 15%
Fan Favorites,Death By Chocolate,60,Base,10G COCOA POWDER,10,g,Cocoa Powder,
Fan Favorites,Death By Chocolate,60,Base,A PINCH OF SALT,A pinch,pinch,Salt,
Fan Favorites,Death By Chocolate,60,Base,1G (¼ TSP) XANTHAN GUM,1,g,Xanthan Gum,Alt measurement: ¼ TSP
Fan Favorites,Death By Chocolate,60,Mix-in,½ OF A PRIME BITES PROTEIN BROWNIE,½,,Prime Bites Protein Brownie,
Fan Favorites,Death By Chocolate,60,Mix-in,"¾ OF A HORMBLES CHORMBLES CHOCOLATE BAR (100 CAL, 10G PROTEIN CANDY BAR – CAN SUB WITH ANY KIND OF CHOCOLATE)",¾,,Hormbles Chormbles Chocolate Bar,"100 CAL, 10G PROTEIN CANDY BAR – CAN SUB WITH ANY KIND OF CHOCOLATE"
Fan Favorites,Dirt Cake,62,Base,400G FAT FREE ULTRA-FILTERED MILK,400,g,Fat Free Ultra-Filtered Milk,
Fan Favorites,Dirt Cake,62,Base,40G SWEETENER (CODE ELI15 SAVES YOU 15%),40,g,Sweetener,CODE ELI15 SAVES YOU 15%
Fan Favorites,Dirt Cake,62,Base,7G (1 TBSP) VANILLA PUDDING MIX,7,g,Vanilla Pudding Mix,Alt measurement: 1 TBSP
Fan Favorites,Dirt Cake,62,Base,5G (1 TSP) VANILLA BEAN PASTE (OR EXTRACT),5,g,Vanilla Bean Paste,Alt measurement: 1 TSP; OR EXTRACT
Fan Favorites,Dirt Cake,62,Base,A PINCH OF SALT,A pinch,pinch,Salt,
Fan Favorites,Dirt Cake,62,Base,1G (¼ TSP) XANTHAN GUM,1,g,Xanthan Gum,Alt measurement: ¼ TSP
Fan Favorites,Dirt Cake,62,Mix-in,"4 OREO THINS, CREAM REMOVED (3 MIXED IN, 1 CRUMBLED ON TOP)",4,,"Oreo Thins, Cream Removed","3 MIXED IN, 1 CRUMBLED ON TOP"
Fan Favorites,Dirt Cake,62,Mix-in,15G (1 TBSP) LAKANTO CHOCOLATE SAUCE,15,g,Lakanto Chocolate Sauce,Alt measurement: 1 TBSP
Fan Favorites,Double Oreo,64,Base,1 CHOCOLATE PROTEIN SHAKE (350-400ML),1,,Chocolate Protein Shake,350-400ML
Fan Favorites,Double Oreo,64,Base,20-25G SWEETENER (CODE ELI15 SAVES YOU 15%),20-25,g,Sweetener,CODE ELI15 SAVES YOU 15%
Fan Favorites,Double Oreo,64,Base,20G BLACK COCOA POWDER,20,g,Black Cocoa Powder,
Fan Favorites,Double Oreo,64,Base,A PINCH OF SALT,A pinch,pinch,Salt,
Fan Favorites,Double Oreo,64,Base,1G (¼ TSP) XANTHAN GUM,1,g,Xanthan Gum,Alt measurement: ¼ TSP
Fan Favorites,Double Oreo,64,Mix-in,7 MINI OREOS OR 3 OREO THINS,7,mini,Oreo Or 3 Oreo Thins,
Fan Favorites,Everything But The…,66,Base,1 CHOCOLATE PROTEIN SHAKE (350-400ML),1,,Chocolate Protein Shake,350-400ML
Fan Favorites,Everything But The…,66,Base,20-25G SWEETENER (CODE ELI15 SAVES YOU 15%),20-25,g,Sweetener,CODE ELI15 SAVES YOU 15%
Fan Favorites,Everything But The…,66,Base,10G COCOA POWDER,10,g,Cocoa Powder,
Fan Favorites,Everything But The…,66,Base,A PINCH OF SALT,A pinch,pinch,Salt,
Fan Favorites,Everything But The…,66,Base,1G (¼ TSP) XANTHAN GUM,1,g,Xanthan Gum,Alt measurement: ¼ TSP
Fan Favorites,Everything But The…,66,Mix-in,7G WHITE CHOCOLATE CHIPS,7,g,White Chocolate Chips,
Fan Favorites,Everything But The…,66,Mix-in,9G PEANUT BUTTER CUPS,9,g,Peanut Butter Cups,
Fan Favorites,Everything But The…,66,Mix-in,7G CHOCOLATE COVERED TOFFEE,7,g,Chocolate Covered Toffee,
Fan Favorites,Everything But The…,66,Mix-in,7G CHOCOLATE COVERED ALMONDS,7,g,Chocolate Covered Almonds,
Fan Favorites,Frosted Animal Cookie Blizzard,68,Base,400G FAT FREE ULTRA-FILTERED MILK,400,g,Fat Free Ultra-Filtered Milk,
Fan Favorites,Frosted Animal Cookie Blizzard,68,Base,40G SWEETENER (CODE ELI15 SAVES YOU 15%),40,g,Sweetener,CODE ELI15 SAVES YOU 15%
Fan Favorites,Frosted Animal Cookie Blizzard,68,Base,3G (½ TSP) CAKE BATTER EXTRACT,3,g,Cake Batter Extract,Alt measurement: ½ TSP
Fan Favorites,Frosted Animal Cookie Blizzard,68,Base,2.5G (½ TSP) VANILLA BEAN PASTE (OR EXTRACT),2.5,g,Vanilla Bean Paste,Alt measurement: ½ TSP; OR EXTRACT
Fan Favorites,Frosted Animal Cookie Blizzard,68,Base,A PINCH OF SALT,A pinch,pinch,Salt,
Fan Favorites,Frosted Animal Cookie Blizzard,68,Base,1G (¼ TSP) XANTHAN GUM,1,g,Xanthan Gum,Alt measurement: ¼ TSP
Fan Favorites,Frosted Animal Cookie Blizzard,68,Mix-in,24G FROSTED ANIMAL COOKIES,24,g,Frosted Animal Cookies,
Fan Favorites,Frosted Sugar Cookie Blizzard,70,Base,400G FAT FREE ULTRA-FILTERED MILK,400,g,Fat Free Ultra-Filtered Milk,
Fan Favorites,Frosted Sugar Cookie Blizzard,70,Base,35G SWEETENER (CODE ELI15 SAVES YOU 15%),35,g,Sweetener,CODE ELI15 SAVES YOU 15%
Fan Favorites,Frosted Sugar Cookie Blizzard,70,Base,5G (1 TSP) VANILLA BEAN PASTE (OR EXTRACT),5,g,Vanilla Bean Paste,Alt measurement: 1 TSP; OR EXTRACT
Fan Favorites,Frosted Sugar Cookie Blizzard,70,Base,A PINCH OF SALT,A pinch,pinch,Salt,
Fan Favorites,Frosted Sugar Cookie Blizzard,70,Base,1G (¼ TSP) XANTHAN GUM,1,g,Xanthan Gum,Alt measurement: ¼ TSP
Fan Favorites,Frosted Sugar Cookie Blizzard,70,Mix-in,15G PROTEIN FROSTING (CAN SUB WITH NORMAL FROSTING),15,g,Protein Frosting,CAN SUB WITH NORMAL FROSTING
Fan Favorites,Frosted Sugar Cookie Blizzard,70,Mix-in,⅓ OF A PACKAGE OF THE FUUL BIRTHDAY CAKE COOKIE DOUGH BITES,⅓,,Package Of The Fuul Birthday Cake Cookie Dough Bites,
Fan Favorites,Frosted Sugar Cookie Blizzard,70,Mix-in,(OPTIONAL) ½ TSP CHRISTMAS-THEMED SPRINKLES,½,tsp,Christmas-Themed Sprinkles,Optional
Fan Favorites,Gimme S’Mores,72,Base,1 VANILLA PROTEIN SHAKE (350-400ML),1,,Vanilla Protein Shake,350-400ML
Fan Favorites,Gimme S’Mores,72,Base,20-25G SWEETENER (CODE ELI15 SAVES YOU 15%),20-25,g,Sweetener,CODE ELI15 SAVES YOU 15%
Fan Favorites,Gimme S’Mores,72,Base,15G TOASTED MINI MARSHMALLOWS,15,g,Toasted Mini Marshmallows,
Fan Favorites,Gimme S’Mores,72,Base,1G (¼ TSP) SALT,1,g,Salt,Alt measurement: ¼ TSP
Fan Favorites,Gimme S’Mores,72,Base,1G (¼ TSP) XANTHAN GUM,1,g,Xanthan Gum,Alt measurement: ¼ TSP
Fan Favorites,Gimme S’Mores,72,Mix-in,15G CHOCOLATE CHIPS + 2G COCONUT OIL,15,g,Chocolate Chips + 2G Coconut Oil,
Fan Favorites,Gimme S’Mores,72,Mix-in,"2 OREO THINS, CREAM REMOVED",2,,"Oreo Thins, Cream Removed",
Fan Favorites,Gimme S’Mores,72,Mix-in,½ SHEET OF A GRAHAM CRACKER,½,sheet,A Graham Cracker,
Fan Favorites,Gimme S’Mores,72,Mix-in,2.5G MINI LUCKY-CHARMS-STYLE MARSHMALLOWS,2.5,g,Mini Lucky-Charms-Style Marshmallows,
Fan Favorites,Glampfire Trail Mix,74,Base,1 CHOCOLATE PROTEIN SHAKE (350-400ML),1,,Chocolate Protein Shake,350-400ML
Fan Favorites,Glampfire Trail Mix,74,Base,20-25G SWEETENER (CODE ELI15 SAVES YOU 15%),20-25,g,Sweetener,CODE ELI15 SAVES YOU 15%
Fan Favorites,Glampfire Trail Mix,74,Base,10G COCOA POWDER,10,g,Cocoa Powder,
Fan Favorites,Glampfire Trail Mix,74,Base,A PINCH OF SALT,A pinch,pinch,Salt,
Fan Favorites,Glampfire Trail Mix,74,Base,1G (¼ TSP) XANTHAN GUM,1,g,Xanthan Gum,Alt measurement: ¼ TSP
Fan Favorites,Glampfire Trail Mix,74,Mix-in,10G CHOCOLATE COVERED ALMONDS,10,g,Chocolate Covered Almonds,
Fan Favorites,Glampfire Trail Mix,74,Mix-in,10G PRETZELS,10,g,Pretzels,
Fan Favorites,Glampfire Trail Mix,74,Mix-in,10G MINI LUCKY-CHARMS-STYLE MARSHMALLOWS (I USED THE ONES FROM JET PUFFED),10,g,Mini Lucky-Charms-Style Marshmallows,I USED THE ONES FROM JET PUFFED
Fan Favorites,Gooey Butter Cake,76,Base,400G FAT FREE ULTRA-FILTERED MILK,400,g,Fat Free Ultra-Filtered Milk,
Fan Favorites,Gooey Butter Cake,76,Base,22G (2 TBSP) WHIPPED (OR REGULAR) CREAM CHEESE,22,g,Whipped Cream Cheese,Alt measurement: 2 TBSP; OR REGULAR
Fan Favorites,Gooey Butter Cake,76,Base,40-45G SWEETENER (CODE ELI15 SAVES YOU 15%),40-45,g,Sweetener,CODE ELI15 SAVES YOU 15%
Fan Favorites,Gooey Butter Cake,76,Base,5G (1 TSP) VANILLA BEAN PASTE (OR EXTRACT),5,g,Vanilla Bean Paste,Alt measurement: 1 TSP; OR EXTRACT
Fan Favorites,Gooey Butter Cake,76,Base,A PINCH OF SALT,A pinch,pinch,Salt,
Fan Favorites,Gooey Butter Cake,76,Base,1G (¼ TSP) XANTHAN GUM,1,g,Xanthan Gum,Alt measurement: ¼ TSP
Fan Favorites,Gooey Butter Cake,76,Mix-in,½ OF A PRIME BITES BLONDIE-STYLE BROWNIE (I USED THE BIRTHDAY CAKE FLAVOR),½,,Prime Bites Blondie-Style Brownie,I USED THE BIRTHDAY CAKE FLAVOR
Fan Favorites,Gooey Butter Cake,76,Mix-in,7G CARAMEL SYRUP,7,g,Caramel Syrup,
Fan Favorites,Half Baked,78,Base,1 CHOCOLATE PROTEIN SHAKE (350-400ML),1,,Chocolate Protein Shake,350-400ML
Fan Favorites,Half Baked,78,Base,20-25G SWEETENER (CODE ELI15 SAVES YOU 15%),20-25,g,Sweetener,CODE ELI15 SAVES YOU 15%
Fan Favorites,Half Baked,78,Base,10G COCOA POWDER,10,g,Cocoa Powder,
Fan Favorites,Half Baked,78,Base,A PINCH OF SALT,A pinch,pinch,Salt,
Fan Favorites,Half Baked,78,Base,1G (¼ TSP) XANTHAN GUM,1,g,Xanthan Gum,Alt measurement: ¼ TSP
Fan Favorites,Half Baked,78,Mix-in,½ OF A PRIME BITES PROTEIN BROWNIE,½,,Prime Bites Protein Brownie,
Fan Favorites,Half Baked,78,Mix-in,⅓ OF A PACKAGE OF THE FUUL CHOCOLATE CHIP COOKIE DOUGH BITES,⅓,,Package Of The Fuul Chocolate Chip Cookie Dough Bites,
Fan Favorites,Half Baked (Twist),80,Base,400G FAT FREE ULTRA-FILTERED MILK,400,g,Fat Free Ultra-Filtered Milk,
Fan Favorites,Half Baked (Twist),80,Base,40-45G SWEETENER (CODE ELI15 SAVES YOU 15%),40-45,g,Sweetener,CODE ELI15 SAVES YOU 15%
Fan Favorites,Half Baked (Twist),80,Base,5G (1 TSP) VANILLA BEAN PASTE (OR EXTRACT),5,g,Vanilla Bean Paste,Alt measurement: 1 TSP; OR EXTRACT
Fan Favorites,Half Baked (Twist),80,Base,A PINCH OF SALT,A pinch,pinch,Salt,
Fan Favorites,Half Baked (Twist),80,Base,1G (¼ TSP) XANTHAN GUM,1,g,Xanthan Gum,Alt measurement: ¼ TSP
Fan Favorites,Half Baked (Twist),80,Mix-in,20G OF THE FUUL CHOCOLATE CHIP COOKIE DOUGH BITES,20,g,The Fuul Chocolate Chip Cookie Dough Bites,
Fan Favorites,Half Baked (Twist),80,Mix-in,"½ OF A PRIME BITES PROTEIN BROWNIE, CHOPPED INTO BITE SIZE CUBES",½,,"Prime Bites Protein Brownie, Chopped Into Bite Size Cubes",
Fan Favorites,Half Baked (Twist),80,Mix-in,45G (2 TBSP) LOW CALORIE CHOCOLATE GANACHE,45,g,Low Calorie Chocolate Ganache,Alt measurement: 2 TBSP
Fan Favorites,Impretzively Fudged,82,Base,1 CHOCOLATE PROTEIN SHAKE (350-400ML),1,,Chocolate Protein Shake,350-400ML
Fan Favorites,Impretzively Fudged,82,Base,20-25G SWEETENER (CODE ELI15 SAVES YOU 15%),20-25,g,Sweetener,CODE ELI15 SAVES YOU 15%
Fan Favorites,Impretzively Fudged,82,Base,10G COCOA POWDER,10,g,Cocoa Powder,
Fan Favorites,Impretzively Fudged,82,Base,A PINCH OF SALT,A pinch,pinch,Salt,
Fan Favorites,Impretzively Fudged,82,Base,1G (¼ TSP) XANTHAN GUM,1,g,Xanthan Gum,Alt measurement: ¼ TSP
Fan Favorites,Impretzively Fudged,82,Mix-in,21G CHOCOLATE COVERED PRETZELS FLAKY SALT,21,g,Chocolate Covered Pretzels Flaky Salt,
Fan Favorites,Jamoca Almond Fudge,84,Base,1 VANILLA PROTEIN SHAKE (350-400ML),1,,Vanilla Protein Shake,350-400ML
Fan Favorites,Jamoca Almond Fudge,84,Base,1 SHOT ESPRESSO (FEEL FREE TO SUB FOR 1 TBSP OF INSTANT COFFEE OR A COMETEER POD),1,shot,Espresso,Alt measurement: FEEL FREE TO SUB FOR 1 TBSP OF INSTANT COFFEE OR A COMETEER POD
Fan Favorites,Jamoca Almond Fudge,84,Base,20-25G SWEETENER (CODE ELI15 SAVES YOU 15%),20-25,g,Sweetener,CODE ELI15 SAVES YOU 15%
Fan Favorites,Jamoca Almond Fudge,84,Base,A PINCH OF SALT,A pinch,pinch,Salt,
Fan Favorites,Jamoca Almond Fudge,84,Base,1G (¼ TSP) XANTHAN GUM,1,g,Xanthan Gum,Alt measurement: ¼ TSP
Fan Favorites,Jamoca Almond Fudge,84,Base,(OPTIONAL) 5G (1 TSP) VANILLA BEAN PASTE (OR EXTRACT),5,g,Vanilla Bean Paste,Optional; Alt measurement: 1 TSP; OR EXTRACT
Fan Favorites,Jamoca Almond Fudge,84,Mix-in,15G CHOCOLATE CHIPS (60 CAL) MIXED WITH 2G OF COCONUT OIL (27 CAL),15,g,Chocolate Chips Mixed With 2G Of Coconut Oil,60 CAL; 27 CAL
Fan Favorites,Jamoca Almond Fudge,84,Mix-in,"15 SALTED ALMONDS, CHOPPED",15,,"Salted Almonds, Chopped",
Fan Favorites,Key Lime Pie,86,Base,350G FAT FREE ULTRA-FILTERED MILK THE JUICE OF 2 LIMES (SHOULD BE ~75G),350,g,Fat Free Ultra-Filtered Milk The Juice Of 2 Limes,SHOULD BE ~75G
Fan Favorites,Key Lime Pie,86,Base,THE ZEST OF THE SAME 2 LIMES,,,The Zest Of The Same 2 Limes,
Fan Favorites,Key Lime Pie,86,Base,45G SWEETENER (CODE ELI15 SAVES YOU 15%),45,g,Sweetener,CODE ELI15 SAVES YOU 15%
Fan Favorites,Key Lime Pie,86,Base,5G (1 TSP) VANILLA BEAN PASTE (OR EXTRACT),5,g,Vanilla Bean Paste,Alt measurement: 1 TSP; OR EXTRACT
Fan Favorites,Key Lime Pie,86,Base,A PINCH OF SALT,A pinch,pinch,Salt,
Fan Favorites,Key Lime Pie,86,Base,1G (¼ TSP) XANTHAN GUM,1,g,Xanthan Gum,Alt measurement: ¼ TSP
Fan Favorites,Key Lime Pie,86,Mix-in,28G (1 SMALL PACKAGE) TEDDY GRAHAMS (CAN SUB FOR GRAHAM CRACKERS),28,g,Teddy Grahams,1 SMALL PACKAGE; CAN SUB FOR GRAHAM CRACKERS
Fan Favorites,Key Lime Pie,86,Mix-in,10G (2 TBSP) FAT FREE REDDIWIP (CAN SUB WITH ANY WHIPPED CREAM),10,g,Fat Free Reddiwip,Alt measurement: 2 TBSP; CAN SUB WITH ANY WHIPPED CREAM
Fan Favorites,Lights Caramel Action,88,Base,1 VANILLA PROTEIN SHAKE (350-400ML),1,,Vanilla Protein Shake,350-400ML
Fan Favorites,Lights Caramel Action,88,Base,20-25G SWEETENER (CODE ELI15 SAVES YOU 15%),20-25,g,Sweetener,CODE ELI15 SAVES YOU 15%
Fan Favorites,Lights Caramel Action,88,Base,2.5G (½ TSP) VANILLA BEAN PASTE (OR EXTRACT),2.5,g,Vanilla Bean Paste,Alt measurement: ½ TSP; OR EXTRACT
Fan Favorites,Lights Caramel Action,88,Base,A PINCH OF SALT,A pinch,pinch,Salt,
Fan Favorites,Lights Caramel Action,88,Base,1G (¼ TSP) XANTHAN GUM,1,g,Xanthan Gum,Alt measurement: ¼ TSP
Fan Favorites,Lights Caramel Action,88,Mix-in,⅓ OF A PACKAGE OF THE FUUL CHOCOLATE CHIP COOKIE DOUGH BITES,⅓,,Package Of The Fuul Chocolate Chip Cookie Dough Bites,
Fan Favorites,Lights Caramel Action,88,Mix-in,½ SHEET OF A GRAHAM CRACKER,½,sheet,A Graham Cracker,
Fan Favorites,Lights Caramel Action,88,Mix-in,7G CARAMEL SYRUP,7,g,Caramel Syrup,
Fan Favorites,M&M Mcflurry,90,Base,400G FAT FREE ULTRA-FILTERED MILK,400,g,Fat Free Ultra-Filtered Milk,
Fan Favorites,M&M Mcflurry,90,Base,40-45G SWEETENER (CODE ELI15 SAVES YOU 15%),40-45,g,Sweetener,CODE ELI15 SAVES YOU 15%
Fan Favorites,M&M Mcflurry,90,Base,5G (1 TSP) VANILLA BEAN PASTE (OR EXTRACT),5,g,Vanilla Bean Paste,Alt measurement: 1 TSP; OR EXTRACT
Fan Favorites,M&M Mcflurry,90,Base,A PINCH OF SALT,A pinch,pinch,Salt,
Fan Favorites,M&M Mcflurry,90,Base,1G (¼ TSP) XANTHAN GUM,1,g,Xanthan Gum,Alt measurement: ¼ TSP
Fan Favorites,M&M Mcflurry,90,Mix-in,15G M&M’S (I LIKE THE MINI M&M’S BECAUSE YOU GET MORE QUANTITY FOR THE SAME WEIGHT),15,g,M&M’S,I LIKE THE MINI M&M’S BECAUSE YOU GET MORE QUANTITY FOR THE SAME WEIGHT
Fan Favorites,Marshmallow Sky,92,Base,400G FAT FREE ULTRA-FILTERED MILK,400,g,Fat Free Ultra-Filtered Milk,
Fan Favorites,Marshmallow Sky,92,Base,40G SWEETENER (CODE ELI15 SAVES YOU 15%),40,g,Sweetener,CODE ELI15 SAVES YOU 15%
Fan Favorites,Marshmallow Sky,92,Base,15G MINI MARSHMALLOWS,15,g,Mini Marshmallows,
Fan Favorites,Marshmallow Sky,92,Base,5G (1 TSP) VANILLA BEAN PASTE (OR EXTRACT),5,g,Vanilla Bean Paste,Alt measurement: 1 TSP; OR EXTRACT
Fan Favorites,Marshmallow Sky,92,Base,A PINCH OF SALT,A pinch,pinch,Salt,
Fan Favorites,Marshmallow Sky,92,Base,1G (¼ TSP) XANTHAN GUM,1,g,Xanthan Gum,Alt measurement: ¼ TSP
Fan Favorites,Marshmallow Sky,92,Base,1-2 DROPS BLUE FOOD COLORING (OPTIONAL),1-2,drops,Blue Food Coloring,OPTIONAL
Fan Favorites,Marshmallow Sky,92,Mix-in,½ OF A PACKAGE OF THE FUUL CHOCOLATE CHIP COOKIE DOUGH BITES,½,,Package Of The Fuul Chocolate Chip Cookie Dough Bites,
Fan Favorites,Marshmallow Sky,92,Mix-in,5G MINI LUCKY-CHARMS-STYLE MARSHMALLOWS (I USED THE ONES FROM JET PUFFED),5,g,Mini Lucky-Charms-Style Marshmallows,I USED THE ONES FROM JET PUFFED
Fan Favorites,Milk & Cookies,94,Base,400G FAT FREE ULTRA-FILTERED MILK,400,g,Fat Free Ultra-Filtered Milk,
Fan Favorites,Milk & Cookies,94,Base,40-45G SWEETENER (CODE ELI15 SAVES YOU 15%),40-45,g,Sweetener,CODE ELI15 SAVES YOU 15%
Fan Favorites,Milk & Cookies,94,Base,5G (1 TSP) VANILLA BEAN PASTE (OR EXTRACT),5,g,Vanilla Bean Paste,Alt measurement: 1 TSP; OR EXTRACT
Fan Favorites,Milk & Cookies,94,Base,A PINCH OF SALT,A pinch,pinch,Salt,
Fan Favorites,Milk & Cookies,94,Base,1G (¼ TSP) XANTHAN GUM,1,g,Xanthan Gum,Alt measurement: ¼ TSP
Fan Favorites,Milk & Cookies,94,Mix-in,½ OF A PACKAGE OF THE FUUL CHOCOLATE CHIP COOKIE DOUGH BITES,½,,Package Of The Fuul Chocolate Chip Cookie Dough Bites,
Fan Favorites,Milk & Cookies,94,Mix-in,2 OREO THINS (CREAM REMOVED),2,,Oreo Thins,CREAM REMOVED
Fan Favorites,Minter Wonderland,96,Base,1 CHOCOLATE PROTEIN SHAKE (350-400ML),1,,Chocolate Protein Shake,350-400ML
Fan Favorites,Minter Wonderland,96,Base,20-25G SWEETENER (CODE ELI15 SAVES YOU 15%),20-25,g,Sweetener,CODE ELI15 SAVES YOU 15%
Fan Favorites,Minter Wonderland,96,Base,20G BLACK COCOA POWDER,20,g,Black Cocoa Powder,
Fan Favorites,Minter Wonderland,96,Base,⅛ TSP PEPPERMINT EXTRACT,⅛,tsp,Peppermint Extract,
Fan Favorites,Minter Wonderland,96,Base,A PINCH OF SALT,A pinch,pinch,Salt,
Fan Favorites,Minter Wonderland,96,Base,1G (¼ TSP) XANTHAN GUM,1,g,Xanthan Gum,Alt measurement: ¼ TSP
Fan Favorites,Minter Wonderland,96,Mix-in,3 OREO THINS (CREAM REMOVED),3,,Oreo Thins,CREAM REMOVED
Fan Favorites,Minter Wonderland,96,Mix-in,10G MINI LUCKY-CHARMS-STYLE MARSHMALLOWS (I USED THE ONES FROM JET PUFFED),10,g,Mini Lucky-Charms-Style Marshmallows,I USED THE ONES FROM JET PUFFED
Fan Favorites,Netflix & Chill’D,98,Base,400G FAT FREE ULTRA-FILTERED MILK,400,g,Fat Free Ultra-Filtered Milk,
Fan Favorites,Netflix & Chill’D,98,Base,40-45G SWEETENER (CODE ELI15 SAVES YOU 15%),40-45,g,Sweetener,CODE ELI15 SAVES YOU 15%
Fan Favorites,Netflix & Chill’D,98,Base,8G (½ TBSP) PEANUT BUTTER,8,g,Peanut Butter,Alt measurement: ½ TBSP
Fan Favorites,Netflix & Chill’D,98,Base,16G (2 TBSP) PPEANUT BUTTER POWDER (LIKE PBFIT),16,g,Ppeanut Butter Powder,Alt measurement: 2 TBSP; LIKE PBFIT
Fan Favorites,Netflix & Chill’D,98,Base,1G (¼ TSP) SALT,1,g,Salt,Alt measurement: ¼ TSP
Fan Favorites,Netflix & Chill’D,98,Base,1G (¼ TSP) XANTHAN GUM,1,g,Xanthan Gum,Alt measurement: ¼ TSP
Fan Favorites,Netflix & Chill’D,98,Mix-in,10G CRUSHED UP PRETZELS,10,g,Crushed Up Pretzels,
Fan Favorites,Netflix & Chill’D,98,Mix-in,½ OF A PRIME BITES PROTEIN BROWNIE,½,,Prime Bites Protein Brownie,
Fan Favorites,New York Super Fudge Chunk,100,Base,1 CHOCOLATE PROTEIN SHAKE (350-400ML),1,,Chocolate Protein Shake,350-400ML
Fan Favorites,New York Super Fudge Chunk,100,Base,20-25G SWEETENER (CODE ELI15 SAVES YOU 15%),20-25,g,Sweetener,CODE ELI15 SAVES YOU 15%
Fan Favorites,New York Super Fudge Chunk,100,Base,10G COCOA POWDER,10,g,Cocoa Powder,
Fan Favorites,New York Super Fudge Chunk,100,Base,A PINCH OF SALT,A pinch,pinch,Salt,
Fan Favorites,New York Super Fudge Chunk,100,Base,1G (¼ TSP) XANTHAN GUM,1,g,Xanthan Gum,Alt measurement: ¼ TSP
Fan Favorites,New York Super Fudge Chunk,100,Mix-in,5G WHITE CHOCOLATE CHIPS,5,g,White Chocolate Chips,
Fan Favorites,New York Super Fudge Chunk,100,Mix-in,5G DARK CHOCOLATE CHIPS,5,g,Dark Chocolate Chips,
Fan Favorites,New York Super Fudge Chunk,100,Mix-in,5G CHOPPED PECANS,5,g,Chopped Pecans,
Fan Favorites,New York Super Fudge Chunk,100,Mix-in,5G CHOPPED WALNUTS,5,g,Chopped Walnuts,
Fan Favorites,New York Super Fudge Chunk,100,Mix-in,6G CHOCOLATE COVERED ALMONDS,6,g,Chocolate Covered Almonds,
Fan Favorites,Nutella,102,Base,1 CHOCOLATE PROTEIN SHAKE (350-400ML),1,,Chocolate Protein Shake,350-400ML
Fan Favorites,Nutella,102,Base,20-25G SWEETENER (CODE ELI15 SAVES YOU 15%),20-25,g,Sweetener,CODE ELI15 SAVES YOU 15%
Fan Favorites,Nutella,102,Base,10G COCOA POWDER,10,g,Cocoa Powder,
Fan Favorites,Nutella,102,Base,18G (1 TBSP) NUTELLA,18,g,Nutella,Alt measurement: 1 TBSP
Fan Favorites,Nutella,102,Base,2.5G (½ TSP) HAZELNUT SYRUP (OPTIONAL),2.5,g,Hazelnut Syrup,Alt measurement: ½ TSP; OPTIONAL
Fan Favorites,Nutella,102,Base,A PINCH OF SALT,A pinch,pinch,Salt,
Fan Favorites,Nutella,102,Base,1G (¼ TSP) XANTHAN GUM,1,g,Xanthan Gum,Alt measurement: ¼ TSP
Fan Favorites,Oat Of This Swirled,104,Base,1 VANILLA PROTEIN SHAKE (350-400ML),1,,Vanilla Protein Shake,350-400ML
Fan Favorites,Oat Of This Swirled,104,Base,25G BROWN SUGAR SWEETENER (CODE ELI15 SAVES YOU 15%),25,g,Brown Sugar Sweetener,CODE ELI15 SAVES YOU 15%
Fan Favorites,Oat Of This Swirled,104,Base,1G (¼ TSP) BUTTER EXTRACT,1,g,Butter Extract,Alt measurement: ¼ TSP
Fan Favorites,Oat Of This Swirled,104,Base,A PINCH OF SALT,A pinch,pinch,Salt,
Fan Favorites,Oat Of This Swirled,104,Base,1G (¼ TSP) XANTHAN GUM,1,g,Xanthan Gum,Alt measurement: ¼ TSP
Fan Favorites,Oat Of This Swirled,104,Mix-in,15G CHOCOLATE CHIPS + 2G COCONUT OIL,15,g,Chocolate Chips + 2G Coconut Oil,
Fan Favorites,Oat Of This Swirled,104,Mix-in,½ OF A MADE GOOD CINNAMON BUN BAKED OAT BAR (OR SIMILAR COOKIE SWIRL REPLACEMENT - ABOUT 60 CAL),½,,Made Good Cinnamon Bun Baked Oat Bar,OR SIMILAR COOKIE SWIRL REPLACEMENT - ABOUT 60 CAL
Fan Favorites,One Love,106,Base,400G FAT FREE ULTRA-FILTERED MILK,400,g,Fat Free Ultra-Filtered Milk,
Fan Favorites,One Love,106,Base,40G SWEETENER (CODE ELI15 SAVES YOU 15%),40,g,Sweetener,CODE ELI15 SAVES YOU 15%
Fan Favorites,One Love,106,Base,1 MEDIUM SIZE BANANA (~100G),1,medium,Size Banana,~100G
Fan Favorites,One Love,106,Base,5G (1 TSP) VANILLA BEAN PASTE (OR EXTRACT),5,g,Vanilla Bean Paste,Alt measurement: 1 TSP; OR EXTRACT
Fan Favorites,One Love,106,Base,A PINCH OF SALT,A pinch,pinch,Salt,
Fan Favorites,One Love,106,Base,1G (¼ TSP) XANTHAN GUM,1,g,Xanthan Gum,Alt measurement: ¼ TSP
Fan Favorites,One Love,106,Mix-in,15G CHOCOLATE CHIPS + 2G COCONUT OIL,15,g,Chocolate Chips + 2G Coconut Oil,
Fan Favorites,One Love,106,Mix-in,3G CRUSHED GRAHAM CRACKER,3,g,Crushed Graham Cracker,
Fan Favorites,One Love,106,Mix-in,5G CARAMEL SYRUP,5,g,Caramel Syrup,
Fan Favorites,Oreo Mcflurry,108,Base,400G FAT FREE ULTRA-FILTERED MILK,400,g,Fat Free Ultra-Filtered Milk,
Fan Favorites,Oreo Mcflurry,108,Base,40-45G SWEETENER (CODE ELI15 SAVES YOU 15%),40-45,g,Sweetener,CODE ELI15 SAVES YOU 15%
Fan Favorites,Oreo Mcflurry,108,Base,5G (1 TSP) VANILLA BEAN PASTE (OR EXTRACT),5,g,Vanilla Bean Paste,Alt measurement: 1 TSP; OR EXTRACT
Fan Favorites,Oreo Mcflurry,108,Base,A PINCH OF SALT,A pinch,pinch,Salt,
Fan Favorites,Oreo Mcflurry,108,Base,1G (¼ TSP) XANTHAN GUM,1,g,Xanthan Gum,Alt measurement: ¼ TSP
Fan Favorites,Oreo Mcflurry,108,Mix-in,5 OREO THINS (CREAM REMOVED),5,,Oreo Thins,CREAM REMOVED
Fan Favorites,Pb Over The Top,110,Base,1 CHOCOLATE PROTEIN SHAKE (350-400ML),1,,Chocolate Protein Shake,350-400ML
Fan Favorites,Pb Over The Top,110,Base,20-25G SWEETENER (CODE ELI15 SAVES YOU 15%),20-25,g,Sweetener,CODE ELI15 SAVES YOU 15%
Fan Favorites,Pb Over The Top,110,Base,10G COCOA POWDER,10,g,Cocoa Powder,
Fan Favorites,Pb Over The Top,110,Base,A PINCH OF SALT,A pinch,pinch,Salt,
Fan Favorites,Pb Over The Top,110,Base,1G (¼ TSP) XANTHAN GUM,1,g,Xanthan Gum,Alt measurement: ¼ TSP
Fan Favorites,Pb Over The Top,110,Mix-in,15G PEANUT BUTTER CHIPS + 2G COCONUT OIL + A,15,g,Peanut Butter Chips + 2G Coconut Oil + A,
Fan Favorites,Pb Over The Top,110,Mix-in,PINCH OF SALT,Pinch,pinch,Salt,
Fan Favorites,Pb Over The Top,110,Mix-in,"1 PEANUT BUTTER CUP, CHOPPED (~15G OR 80 CALORIES WORTH)",1,,"Peanut Butter Cup, Chopped",~15G OR 80 CALORIES WORTH
Fan Favorites,Pb Over The Top,110,Mix-in,30G (2 TBSP) LOW CALORIE CHOCOLATE GANACHE,30,g,Low Calorie Chocolate Ganache,Alt measurement: 2 TBSP
Fan Favorites,Peanut Butter Cup,112,Base,400G FAT FREE ULTRA-FILTERED MILK,400,g,Fat Free Ultra-Filtered Milk,
Fan Favorites,Peanut Butter Cup,112,Base,40-45G SWEETENER (CODE ELI15 SAVES YOU 15%),40-45,g,Sweetener,CODE ELI15 SAVES YOU 15%
Fan Favorites,Peanut Butter Cup,112,Base,8G (½ TBSP) PEANUT BUTTER,8,g,Peanut Butter,Alt measurement: ½ TBSP
Fan Favorites,Peanut Butter Cup,112,Base,16G (2 TBSP) PB FIT,16,g,PB Fit,Alt measurement: 2 TBSP
Fan Favorites,Peanut Butter Cup,112,Base,1G (¼ TSP) SALT,1,g,Salt,Alt measurement: ¼ TSP
Fan Favorites,Peanut Butter Cup,112,Base,1G (¼ TSP) XANTHAN GUM,1,g,Xanthan Gum,Alt measurement: ¼ TSP
Fan Favorites,Peanut Butter Cup,112,Mix-in,17G CHOPPED PEANUT BUTTER CUPS,17,g,Chopped Peanut Butter Cups,
Fan Favorites,Peanut Butter Half Baked,114,Base,400G FAT FREE ULTRA-FILTERED MILK,400,g,Fat Free Ultra-Filtered Milk,
Fan Favorites,Peanut Butter Half Baked,114,Base,40-45G SWEETENER (CODE ELI15 SAVES YOU 15%),40-45,g,Sweetener,CODE ELI15 SAVES YOU 15%
Fan Favorites,Peanut Butter Half Baked,114,Base,8G (½ TBSP) PEANUT BUTTER,8,g,Peanut Butter,Alt measurement: ½ TBSP
Fan Favorites,Peanut Butter Half Baked,114,Base,16G (2 TBSP) PEANUT BUTTER POWDER (LIKE PBFIT),16,g,Peanut Butter Powder,Alt measurement: 2 TBSP; LIKE PBFIT
Fan Favorites,Peanut Butter Half Baked,114,Base,1G (¼ TSP) SALT,1,g,Salt,Alt measurement: ¼ TSP
Fan Favorites,Peanut Butter Half Baked,114,Base,1G (¼ TSP) XANTHAN GUM,1,g,Xanthan Gum,Alt measurement: ¼ TSP
Fan Favorites,Peanut Butter Half Baked,114,Mix-in,20G OF THE FUUL CHOCOLATE CHIP COOKIE DOUGH BITES,20,g,The Fuul Chocolate Chip Cookie Dough Bites,
Fan Favorites,Peanut Butter Half Baked,114,Mix-in,⅓ OF A PRIME BITES PROTEIN BROWNIE,⅓,,Prime Bites Protein Brownie,
Fan Favorites,Peanut Butter World,116,Base,1 CHOCOLATE PROTEIN SHAKE (350-400ML),1,,Chocolate Protein Shake,350-400ML
Fan Favorites,Peanut Butter World,116,Base,20-25G SWEETENER (CODE ELI15 SAVES YOU 15%),20-25,g,Sweetener,CODE ELI15 SAVES YOU 15%
Fan Favorites,Peanut Butter World,116,Base,10G COCOA POWDER,10,g,Cocoa Powder,
Fan Favorites,Peanut Butter World,116,Base,A PINCH OF SALT,A pinch,pinch,Salt,
Fan Favorites,Peanut Butter World,116,Base,1G (¼ TSP) XANTHAN GUM,1,g,Xanthan Gum,Alt measurement: ¼ TSP
Fan Favorites,Peanut Butter World,116,Mix-in,"2 OREO THINS, CREAM REMOVED",2,,"Oreo Thins, Cream Removed",
Fan Favorites,Peanut Butter World,116,Mix-in,15G PEANUT BUTTER CHIPS + 2G COCONUT OIL +,15,g,Peanut Butter Chips + 2G Coconut Oil +,
Fan Favorites,Peanut Butter World,116,Mix-in,A PINCH OF SALT,A pinch,pinch,Salt,
Fan Favorites,Phish Food,118,Base,1 CHOCOLATE PROTEIN SHAKE (350-400ML),1,,Chocolate Protein Shake,350-400ML
Fan Favorites,Phish Food,118,Base,25G SWEETENER (CODE ELI15 SAVES YOU 15%),25,g,Sweetener,CODE ELI15 SAVES YOU 15%
Fan Favorites,Phish Food,118,Base,10G COCOA POWDER,10,g,Cocoa Powder,
Fan Favorites,Phish Food,118,Base,A PINCH OF SALT,A pinch,pinch,Salt,
Fan Favorites,Phish Food,118,Base,1G (¼ TSP) XANTHAN GUM,1,g,Xanthan Gum,Alt measurement: ¼ TSP
Fan Favorites,Phish Food,118,Mix-in,10G MINI LUCKY-CHARMS-STYLE MARSHMALLOWS (I USED THE ONES FROM JET PUFFED),10,g,Mini Lucky-Charms-Style Marshmallows,I USED THE ONES FROM JET PUFFED
Fan Favorites,Phish Food,118,Mix-in,7G CARAMEL SYRUP,7,g,Caramel Syrup,
Fan Favorites,Phish Food,118,Mix-in,½ OF A HORMBLES CHORMBLES (PROTEIN CHOCOLATE BAR WITH 100 CAL AND 10G PRO),½,,Hormbles Chormbles,PROTEIN CHOCOLATE BAR WITH 100 CAL AND 10G PRO
Fan Favorites,Pistachio Pistachio,120,Base,400G FAT FREE ULTRA-FILTERED MILK,400,g,Fat Free Ultra-Filtered Milk,
Fan Favorites,Pistachio Pistachio,120,Base,30-35G SWEETENER (CODE ELI15 SAVES YOU 15%),30-35,g,Sweetener,CODE ELI15 SAVES YOU 15%
Fan Favorites,Pistachio Pistachio,120,Base,20G PISTACHIO BUTTER (OR PISTACHIO CREAM),20,g,Pistachio Butter,OR PISTACHIO CREAM
Fan Favorites,Pistachio Pistachio,120,Base,½ TSP SUGAR-FREE PISTACHIO SYRUP (OPTIONAL),½,tsp,Sugar-Free Pistachio Syrup,OPTIONAL
Fan Favorites,Pistachio Pistachio,120,Base,5G (1 TSP) VANILLA BEAN PASTE (OR EXTRACT),5,g,Vanilla Bean Paste,Alt measurement: 1 TSP; OR EXTRACT
Fan Favorites,Pistachio Pistachio,120,Base,A PINCH OF SALT,A pinch,pinch,Salt,
Fan Favorites,Pistachio Pistachio,120,Base,1G (¼ TSP) XANTHAN GUM,1,g,Xanthan Gum,Alt measurement: ¼ TSP
Fan Favorites,Pistachio Pistachio,120,Mix-in,"10G ROASTED, SALTED PISTACHIOS, CHOPPED",10,g,"Roasted, Salted Pistachios, Chopped",
Fan Favorites,Pumpkin Cheesecake,122,Base,400G FAT FREE ULTRA-FILTERED MILK,400,g,Fat Free Ultra-Filtered Milk,
Fan Favorites,Pumpkin Cheesecake,122,Base,40-45G SWEETENER (CODE ELI15 SAVES YOU 15%),40-45,g,Sweetener,CODE ELI15 SAVES YOU 15%
Fan Favorites,Pumpkin Cheesecake,122,Base,60G CANNED PUMPKIN,60,g,Canned Pumpkin,
Fan Favorites,Pumpkin Cheesecake,122,Base,30G (2 TBSP) PUMPKIN CREAM CHEESE (CAN SUB WITH REGULAR CREAM CHEESE + 5G BROWN SUGAR SWEETENER + A DASH OF CINNAMON AND PUMPKIN PIE SPICE),30,g,Pumpkin Cream Cheese,Alt measurement: 2 TBSP; CAN SUB WITH REGULAR CREAM CHEESE + 5G BROWN SUGAR SWEETENER + A DASH OF CINNAMON AND PUMPKIN PIE SPICE
Fan Favorites,Pumpkin Cheesecake,122,Base,2.5G (½ TSP) VANILLA BEAN PASTE (OR EXTRACT),2.5,g,Vanilla Bean Paste,Alt measurement: ½ TSP; OR EXTRACT
Fan Favorites,Pumpkin Cheesecake,122,Base,2G (½ TSP) PUMPKIN PIE SPICE,2,g,Pumpkin Pie Spice,Alt measurement: ½ TSP
Fan Favorites,Pumpkin Cheesecake,122,Base,A PINCH OF SALT,A pinch,pinch,Salt,
Fan Favorites,Pumpkin Cheesecake,122,Base,1G (¼ TSP) XANTHAN GUM,1,g,Xanthan Gum,Alt measurement: ¼ TSP
Fan Favorites,Pumpkin Cheesecake,122,Mix-in,½ SHEET OF A GRAHAM CRACKER,½,sheet,A Graham Cracker,
Fan Favorites,Pumpkin Pie Blizzard,124,Base,400G FAT FREE ULTRA-FILTERED MILK,400,g,Fat Free Ultra-Filtered Milk,
Fan Favorites,Pumpkin Pie Blizzard,124,Base,40-45G SWEETENER (CODE ELI15 SAVES YOU 15%),40-45,g,Sweetener,CODE ELI15 SAVES YOU 15%
Fan Favorites,Pumpkin Pie Blizzard,124,Base,60G CANNED PUMPKIN,60,g,Canned Pumpkin,
Fan Favorites,Pumpkin Pie Blizzard,124,Base,2.5G (½ TSP) VANILLA BEAN PASTE (OR EXTRACT),2.5,g,Vanilla Bean Paste,Alt measurement: ½ TSP; OR EXTRACT
Fan Favorites,Pumpkin Pie Blizzard,124,Base,2G (½ TSP) PUMPKIN PIE SPICE,2,g,Pumpkin Pie Spice,Alt measurement: ½ TSP
Fan Favorites,Pumpkin Pie Blizzard,124,Base,A PINCH OF SALT,A pinch,pinch,Salt,
Fan Favorites,Pumpkin Pie Blizzard,124,Base,1G (¼ TSP) XANTHAN GUM,1,g,Xanthan Gum,Alt measurement: ¼ TSP
Fan Favorites,Pumpkin Pie Blizzard,124,Mix-in,1 MINI PIE CRUST (100 CALORIES),1,mini,Pie Crust,100 CALORIES
Fan Favorites,Raspberry Cheesecake Topped,126,Base,400G FAT FREE ULTRA-FILTERED MILK,400,g,Fat Free Ultra-Filtered Milk,
Fan Favorites,Raspberry Cheesecake Topped,126,Base,22G (2 TBSP) WHIPPED (OR REGULAR) CREAM CHEESE,22,g,Whipped Cream Cheese,Alt measurement: 2 TBSP; OR REGULAR
Fan Favorites,Raspberry Cheesecake Topped,126,Base,40-45G SWEETENER (CODE ELI15 SAVES YOU 15%),40-45,g,Sweetener,CODE ELI15 SAVES YOU 15%
Fan Favorites,Raspberry Cheesecake Topped,126,Base,5G (1 TSP) VANILLA BEAN PASTE (OR EXTRACT),5,g,Vanilla Bean Paste,Alt measurement: 1 TSP; OR EXTRACT
Fan Favorites,Raspberry Cheesecake Topped,126,Base,A PINCH OF SALT,A pinch,pinch,Salt,
Fan Favorites,Raspberry Cheesecake Topped,126,Base,1G (¼ TSP) XANTHAN GUM,1,g,Xanthan Gum,Alt measurement: ¼ TSP
Fan Favorites,Raspberry Cheesecake Topped,126,Mix-in,"28G (1 OZ) FROZEN RASPBERRIES (YES, THEY HAVE TO BE FROZEN SO THEY DON’T INTRODUCE ANY EXTRA LIQUID TO THE MIX)",28,g,Frozen Raspberries,"Alt measurement: 1 OZ; YES, THEY HAVE TO BE FROZEN SO THEY DON’T INTRODUCE ANY EXTRA LIQUID TO THE MIX"
Fan Favorites,Raspberry Cheesecake Topped,126,Mix-in,14G (½ A SMALL PACKAGE) TEDDY GRAHAMS (CAN SUB FOR GRAHAM CRACKERS),14,g,Teddy Grahams,½ A SMALL PACKAGE; CAN SUB FOR GRAHAM CRACKERS
Fan Favorites,Raspberry Cheesecake Topped,126,Mix-in,15G WHITE CHOCOLATE CHIPS MIXED WITH 2G OF COCONUT OIL,15,g,White Chocolate Chips Mixed With 2G Of Coconut Oil,
Fan Favorites,Red Velvet,128,Base,1 CHOCOLATE PROTEIN SHAKE (350-400ML),1,,Chocolate Protein Shake,350-400ML
Fan Favorites,Red Velvet,128,Base,1 TSP RED VELVET EXTRACT (I USED LORANN'S RED VELVET BAKERY EMULSION),1,tsp,Red Velvet Extract,I USED LORANN'S RED VELVET BAKERY EMULSION
Fan Favorites,Red Velvet,128,Base,20-25G SWEETENER (CODE ELI15 SAVES YOU 15%),20-25,g,Sweetener,CODE ELI15 SAVES YOU 15%
Fan Favorites,Red Velvet,128,Base,A PINCH OF SALT,A pinch,pinch,Salt,
Fan Favorites,Red Velvet,128,Base,1G (¼ TSP) XANTHAN GUM,1,g,Xanthan Gum,Alt measurement: ¼ TSP
Fan Favorites,Red Velvet,128,Mix-in,15G WHITE CHOCOLATE CHIPS (OPTIONAL),15,g,White Chocolate Chips,OPTIONAL
Fan Favorites,Red Velvet Cake,130,Base,1 CHOCOLATE PROTEIN SHAKE (350-400ML),1,,Chocolate Protein Shake,350-400ML
Fan Favorites,Red Velvet Cake,130,Base,1 TSP RED VELVET EXTRACT (I USED LORANN'S RED VELVET BAKERY EMULSION),1,tsp,Red Velvet Extract,I USED LORANN'S RED VELVET BAKERY EMULSION
Fan Favorites,Red Velvet Cake,130,Base,20-25G SWEETENER (CODE ELI15 SAVES YOU 15%),20-25,g,Sweetener,CODE ELI15 SAVES YOU 15%
Fan Favorites,Red Velvet Cake,130,Base,A PINCH OF SALT,A pinch,pinch,Salt,
Fan Favorites,Red Velvet Cake,130,Base,1G (¼ TSP) XANTHAN GUM,1,g,Xanthan Gum,Alt measurement: ¼ TSP
Fan Favorites,Red Velvet Cake,130,Mix-in,½ OF A PRIME BITES RED VELVET BROWNIE,½,,Prime Bites Red Velvet Brownie,
Fan Favorites,Red Velvet Cake Blizzard,132,Base,400G FAT FREE ULTRA-FILTERED MILK,400,g,Fat Free Ultra-Filtered Milk,
Fan Favorites,Red Velvet Cake Blizzard,132,Base,22G (2 TBSP) WHIPPED (OR REGULAR) CREAM CHEESE,22,g,Whipped Cream Cheese,Alt measurement: 2 TBSP; OR REGULAR
Fan Favorites,Red Velvet Cake Blizzard,132,Base,40-45G SWEETENER (CODE ELI15 SAVES YOU 15%),40-45,g,Sweetener,CODE ELI15 SAVES YOU 15%
Fan Favorites,Red Velvet Cake Blizzard,132,Base,5G (1 TSP) VANILLA BEAN PASTE (OR EXTRACT),5,g,Vanilla Bean Paste,Alt measurement: 1 TSP; OR EXTRACT
Fan Favorites,Red Velvet Cake Blizzard,132,Base,A PINCH OF SALT,A pinch,pinch,Salt,
Fan Favorites,Red Velvet Cake Blizzard,132,Base,1G (¼ TSP) XANTHAN GUM,1,g,Xanthan Gum,Alt measurement: ¼ TSP
Fan Favorites,Red Velvet Cake Blizzard,132,Mix-in,½ OF A RED VELVET PRIME BITES BROWNIE,½,,Red Velvet Prime Bites Brownie,
Fan Favorites,Reese’S Caramel Craze Blizzard,134,Base,400G FAT FREE ULTRA-FILTERED MILK,400,g,Fat Free Ultra-Filtered Milk,
Fan Favorites,Reese’S Caramel Craze Blizzard,134,Base,40-45G SWEETENER (CODE ELI15 SAVES YOU 15%),40-45,g,Sweetener,CODE ELI15 SAVES YOU 15%
Fan Favorites,Reese’S Caramel Craze Blizzard,134,Base,5G (1 TSP) VANILLA BEAN PASTE (OR EXTRACT),5,g,Vanilla Bean Paste,Alt measurement: 1 TSP; OR EXTRACT
Fan Favorites,Reese’S Caramel Craze Blizzard,134,Base,A PINCH OF SALT,A pinch,pinch,Salt,
Fan Favorites,Reese’S Caramel Craze Blizzard,134,Base,1G (¼ TSP) XANTHAN GUM,1,g,Xanthan Gum,Alt measurement: ¼ TSP
Fan Favorites,Reese’S Caramel Craze Blizzard,134,Mix-in,10G MINI REESE’S PB CUPS,10,g,Mini Reese's PB Cups,
Fan Favorites,Reese’S Caramel Craze Blizzard,134,Mix-in,12G (2 PIECES) ROLOS (OR ANY CHOCOLATE COVERED CARAMELS),12,g,Rolos,2 PIECES; OR ANY CHOCOLATE COVERED CARAMELS
Fan Favorites,Reese’S Caramel Craze Blizzard,134,Mix-in,10G CHOCOLATE CHIPS MIXED WITH 1.5G OF COCONUT OIL,10,g,Chocolate Chips Mixed With 1.5G Of Coconut Oil,
Fan Favorites,Rocky Road,136,Base,1 CHOCOLATE PROTEIN SHAKE (350-400ML),1,,Chocolate Protein Shake,350-400ML
Fan Favorites,Rocky Road,136,Base,20G SWEETENER (CODE ELI15 SAVES YOU 15%),20,g,Sweetener,CODE ELI15 SAVES YOU 15%
Fan Favorites,Rocky Road,136,Base,10G COCOA POWDER,10,g,Cocoa Powder,
Fan Favorites,Rocky Road,136,Base,A PINCH OF SALT,A pinch,pinch,Salt,
Fan Favorites,Rocky Road,136,Base,1G (¼ TSP) XANTHAN GUM,1,g,Xanthan Gum,Alt measurement: ¼ TSP
Fan Favorites,Rocky Road,136,Mix-in,10G NUTS OF CHOICE,10,g,Nuts Of Choice,
Fan Favorites,Rocky Road,136,Mix-in,10G MINI LUCKY-CHARMS-STYLE MARSHMALLOWS (I USED THE ONES FROM JET PUFFED),10,g,Mini Lucky-Charms-Style Marshmallows,I USED THE ONES FROM JET PUFFED
Fan Favorites,Royal New York Cheesecake Blizzard,138,Base,1 VANILLA PROTEIN SHAKE (350-400ML),1,,Vanilla Protein Shake,350-400ML
Fan Favorites,Royal New York Cheesecake Blizzard,138,Base,20-25G SWEETENER (CODE ELI15 SAVES YOU 15%),20-25,g,Sweetener,CODE ELI15 SAVES YOU 15%
Fan Favorites,Royal New York Cheesecake Blizzard,138,Base,2.5G (½ TSP) VANILLA BEAN PASTE (OR EXTRACT),2.5,g,Vanilla Bean Paste,Alt measurement: ½ TSP; OR EXTRACT
Fan Favorites,Royal New York Cheesecake Blizzard,138,Base,A PINCH OF SALT,A pinch,pinch,Salt,
Fan Favorites,Royal New York Cheesecake Blizzard,138,Base,1G (¼ TSP) XANTHAN GUM,1,g,Xanthan Gum,Alt measurement: ¼ TSP
Fan Favorites,Royal New York Cheesecake Blizzard,138,Mix-in,100G FROZEN/FRESH STRAWBERRIES MACERATED IN 10-15G OF SWEETENER,100,g,Frozen/Fresh Strawberries Macerated In 10-15G Of Sweetener,
Fan Favorites,Royal New York Cheesecake Blizzard,138,Mix-in,½ SHEET OF A GRAHAM CRACKER,½,sheet,A Graham Cracker,
Fan Favorites,Royal New York Cheesecake Blizzard,138,Mix-in,30G CHEESECAKE BITES (~100 CALORIES WORTH OF ANY CHEESECAKE),30,g,Cheesecake Bites,~100 CALORIES WORTH OF ANY CHEESECAKE
Fan Favorites,Royal Reese’S Fluffernutter Blizzard,140,Base,1 VANILLA PROTEIN SHAKE (350-400ML),1,,Vanilla Protein Shake,350-400ML
Fan Favorites,Royal Reese’S Fluffernutter Blizzard,140,Base,20-25G SWEETENER (CODE ELI15 SAVES YOU 15%),20-25,g,Sweetener,CODE ELI15 SAVES YOU 15%
Fan Favorites,Royal Reese’S Fluffernutter Blizzard,140,Base,2.5G (½ TSP) VANILLA BEAN PASTE (OR EXTRACT),2.5,g,Vanilla Bean Paste,Alt measurement: ½ TSP; OR EXTRACT
Fan Favorites,Royal Reese’S Fluffernutter Blizzard,140,Base,A PINCH OF SALT,A pinch,pinch,Salt,
Fan Favorites,Royal Reese’S Fluffernutter Blizzard,140,Base,1G (¼ TSP) XANTHAN GUM,1,g,Xanthan Gum,Alt measurement: ¼ TSP
Fan Favorites,Royal Reese’S Fluffernutter Blizzard,140,Mix-in,"11G REESE’S PB CUPS, CHOPPED INTO SMALL PIECES",11,g,"Reese's PB Cups, Chopped Into Small Pieces",
Fan Favorites,Royal Reese’S Fluffernutter Blizzard,140,Mix-in,18G (3 TBSP) MARSHMALLOW CREME (SAME THING AS MARSHMALLOW FLUFF),18,g,Marshmallow Creme,Alt measurement: 3 TBSP; SAME THING AS MARSHMALLOW FLUFF
Fan Favorites,Royal Reese’S Fluffernutter Blizzard,140,Mix-in,10G PEANUT BUTTER CHIPS + 1.5G COCONUT OIL + A PINCH OF SALT,10,g,Peanut Butter Chips + 1.5G Coconut Oil + A Pinch Of Salt,
Fan Favorites,Salted Peanut Butter,142,Base,400G FAT FREE ULTRA-FILTERED MILK,400,g,Fat Free Ultra-Filtered Milk,
Fan Favorites,Salted Peanut Butter,142,Base,40-45G SWEETENER (CODE ELI15 SAVES YOU 15%),40-45,g,Sweetener,CODE ELI15 SAVES YOU 15%
Fan Favorites,Salted Peanut Butter,142,Base,8G (½ TBSP) PEANUT BUTTER,8,g,Peanut Butter,Alt measurement: ½ TBSP
Fan Favorites,Salted Peanut Butter,142,Base,16G (2 TBSP) PEANUT BUTTER POWDER (LIKE PBFIT),16,g,Peanut Butter Powder,Alt measurement: 2 TBSP; LIKE PBFIT
Fan Favorites,Salted Peanut Butter,142,Base,1G (¼ TSP) SALT,1,g,Salt,Alt measurement: ¼ TSP
Fan Favorites,Salted Peanut Butter,142,Base,1G (¼ TSP) XANTHAN GUM,1,g,Xanthan Gum,Alt measurement: ¼ TSP
Fan Favorites,Salted Peanut Butter,142,Mix-in,15G DARK CHOCOLATE CHIPS (60 CAL) MIXED WITH 2G OF COCONUT OIL (27 CAL),15,g,Dark Chocolate Chips Mixed With 2G Of Coconut Oil,60 CAL; 27 CAL
Fan Favorites,Salty Caramel,144,Base,1 CARAMEL PROTEIN SHAKE (350-400ML),1,,Caramel Protein Shake,350-400ML
Fan Favorites,Salty Caramel,144,Base,20-25G SWEETENER (CODE ELI15 SAVES YOU 15%),20-25,g,Sweetener,CODE ELI15 SAVES YOU 15%
Fan Favorites,Salty Caramel,144,Base,1G (¼ TSP) SALT,1,g,Salt,Alt measurement: ¼ TSP
Fan Favorites,Salty Caramel,144,Base,1G (¼ TSP) XANTHAN GUM,1,g,Xanthan Gum,Alt measurement: ¼ TSP
Fan Favorites,Salty Caramel,144,Mix-in,"10G SALTED CARAMEL SAUCE (OPTIONAL, ADDS ~30 CAL)",10,g,Salted Caramel Sauce,"OPTIONAL, ADDS ~30 CAL"
Fan Favorites,Salty Caramel,144,Mix-in,A PINCH OF FLAKY SALT,A pinch,pinch,Flaky Salt,
Fan Favorites,Shamrock Oreo Mcflurry,146,Base,400G FAT FREE ULTRA-FILTERED MILK,400,g,Fat Free Ultra-Filtered Milk,
Fan Favorites,Shamrock Oreo Mcflurry,146,Base,40-45G SWEETENER (CODE ELI15 SAVES YOU 15%),40-45,g,Sweetener,CODE ELI15 SAVES YOU 15%
Fan Favorites,Shamrock Oreo Mcflurry,146,Base,5G (1 TSP) VANILLA BEAN PASTE (OR EXTRACT),5,g,Vanilla Bean Paste,Alt measurement: 1 TSP; OR EXTRACT
Fan Favorites,Shamrock Oreo Mcflurry,146,Base,⅛ TSP PEPPERMINT EXTRACT,⅛,tsp,Peppermint Extract,
Fan Favorites,Shamrock Oreo Mcflurry,146,Base,1 DROP GREEN FOOD COLORING (OPTIONAL),1,drop,Green Food Coloring,OPTIONAL
Fan Favorites,Shamrock Oreo Mcflurry,146,Base,A PINCH OF SALT,A pinch,pinch,Salt,
Fan Favorites,Shamrock Oreo Mcflurry,146,Base,1G (¼ TSP) XANTHAN GUM,1,g,Xanthan Gum,Alt measurement: ¼ TSP
Fan Favorites,Shamrock Oreo Mcflurry,146,Mix-in,5 OREO THINS (CREAM REMOVED),5,,Oreo Thins,CREAM REMOVED
Fan Favorites,Shamrock Shake,148,Base,1 VANILLA PROTEIN SHAKE (350-400ML),1,,Vanilla Protein Shake,350-400ML
Fan Favorites,Shamrock Shake,148,Base,20G SWEETENER (CODE ELI15 SAVES YOU 15%),20,g,Sweetener,CODE ELI15 SAVES YOU 15%
Fan Favorites,Shamrock Shake,148,Base,2.5G (½ TSP) VANILLA BEAN PASTE (OR EXTRACT),2.5,g,Vanilla Bean Paste,Alt measurement: ½ TSP; OR EXTRACT
Fan Favorites,Shamrock Shake,148,Base,⅛ TSP PEPPERMINT EXTRACT,⅛,tsp,Peppermint Extract,
Fan Favorites,Shamrock Shake,148,Base,1 TSP PEPPERMINT BARK SKINNY SYRUPS (OPTIONAL),1,tsp,Peppermint Bark Skinny Syrups,OPTIONAL
Fan Favorites,Shamrock Shake,148,Base,2-3 DROPS GREEN FOOD COLORING (OPTIONAL),2-3,drops,Green Food Coloring,OPTIONAL
Fan Favorites,Shamrock Shake,148,Base,A PINCH OF SALT,A pinch,pinch,Salt,
Fan Favorites,Shamrock Shake,148,Base,1G (¼ TSP) XANTHAN GUM,1,g,Xanthan Gum,Alt measurement: ¼ TSP
Fan Favorites,S’Mores Blizzard,150,Base,400G FAT FREE ULTRA-FILTERED MILK,400,g,Fat Free Ultra-Filtered Milk,
Fan Favorites,S’Mores Blizzard,150,Base,40G SWEETENER (CODE ELI15 SAVES YOU 15%),40,g,Sweetener,CODE ELI15 SAVES YOU 15%
Fan Favorites,S’Mores Blizzard,150,Base,15G MINI MARSHMALLOWS (PRO TIP: TOAST THEM FOR THAT CAMPFIRE-ESQUE FLAVOR),15,g,Mini Marshmallows,PRO TIP: TOAST THEM FOR THAT CAMPFIRE-ESQUE FLAVOR
Fan Favorites,S’Mores Blizzard,150,Base,5G (1 TSP) VANILLA BEAN PASTE (OR EXTRACT),5,g,Vanilla Bean Paste,Alt measurement: 1 TSP; OR EXTRACT
Fan Favorites,S’Mores Blizzard,150,Base,A PINCH OF SALT,A pinch,pinch,Salt,
Fan Favorites,S’Mores Blizzard,150,Base,1G (¼ TSP) XANTHAN GUM,1,g,Xanthan Gum,Alt measurement: ¼ TSP
Fan Favorites,S’Mores Blizzard,150,Mix-in,½ SHEET OF A GRAHAM CRACKER,½,sheet,A Graham Cracker,
Fan Favorites,S’Mores Blizzard,150,Mix-in,½ OF A HORMBLES CHORMBLES (PROTEIN CHOCOLATE BAR WITH 100 CAL AND 10G PRO),½,,Hormbles Chormbles,PROTEIN CHOCOLATE BAR WITH 100 CAL AND 10G PRO
Fan Favorites,S’Mores Blizzard,150,Mix-in,5G MINI LUCKY-CHARMS-STYLE MARSHMALLOWS (I USED THE ONES FROM,5,g,Mini Lucky-Charms-Style Marshmallows (I Used The Ones From,
Fan Favorites,Snowdrift Blizzard,152,Base,400G FAT FREE ULTRA-FILTERED MILK,400,g,Fat Free Ultra-Filtered Milk,
Fan Favorites,Snowdrift Blizzard,152,Base,40-45G SWEETENER (CODE ELI15 SAVES YOU 15%),40-45,g,Sweetener,CODE ELI15 SAVES YOU 15%
Fan Favorites,Snowdrift Blizzard,152,Base,5G (1 TSP) CAKE BATTER EXTRACT,5,g,Cake Batter Extract,Alt measurement: 1 TSP
Fan Favorites,Snowdrift Blizzard,152,Base,A PINCH OF SALT,A pinch,pinch,Salt,
Fan Favorites,Snowdrift Blizzard,152,Base,1G (¼ TSP) XANTHAN GUM,1,g,Xanthan Gum,Alt measurement: ¼ TSP
Fan Favorites,Snowdrift Blizzard,152,Base,1-2 DROPS BLUE FOOD COLORING (OPTIONAL),1-2,drops,Blue Food Coloring,OPTIONAL
Fan Favorites,Snowdrift Blizzard,152,Mix-in,3 OREO THINS (CREAM REMOVED),3,,Oreo Thins,CREAM REMOVED
Fan Favorites,Snowdrift Blizzard,152,Mix-in,10G MINI LUCKY-CHARMS-STYLE MARSHMALLOWS (I USED THE ONES FROM JET PUFFED),10,g,Mini Lucky-Charms-Style Marshmallows,I USED THE ONES FROM JET PUFFED
Fan Favorites,Strawberry Cheesecake,154,Base,1 STRAWBERRY PROTEIN SHAKE (350-400ML),1,,Strawberry Protein Shake,350-400ML
Fan Favorites,Strawberry Cheesecake,154,Base,22G (2 TBSP) WHIPPED (OR REGULAR) CREAM CHEESE,22,g,Whipped Cream Cheese,Alt measurement: 2 TBSP; OR REGULAR
Fan Favorites,Strawberry Cheesecake,154,Base,20-25G SWEETENER (CODE ELI15 SAVES YOU 15%),20-25,g,Sweetener,CODE ELI15 SAVES YOU 15%
Fan Favorites,Strawberry Cheesecake,154,Base,A PINCH OF SALT,A pinch,pinch,Salt,
Fan Favorites,Strawberry Cheesecake,154,Base,1G (¼ TSP) XANTHAN GUM,1,g,Xanthan Gum,Alt measurement: ¼ TSP
Fan Favorites,Strawberry Cheesecake,154,Mix-in,100G FROZEN/FRESH STRAWBERRIES MACERATED IN 10-15G OF SWEETENER + A,100,g,Frozen/Fresh Strawberries Macerated In 10-15G Of Sweetener + A,
Fan Favorites,Strawberry Cheesecake,154,Mix-in,SPLASH OF LEMON JUICE,Splash,splash,Lemon Juice,
Fan Favorites,Strawberry Cheesecake,154,Mix-in,½ SHEET OF A GRAHAM CRACKER,½,sheet,A Graham Cracker,
Fan Favorites,Tart Frozen Yogurt,156,Base,340G (1.5 CUPS) NONFAT GREEK YOGURT,340,g,Nonfat Greek Yogurt,1.5 CUPS
Fan Favorites,Tart Frozen Yogurt,156,Base,60G (¼ CUP) LOW FAT BUTTERMILK,60,g,Low Fat Buttermilk,Alt measurement: ¼ CUP
Fan Favorites,Tart Frozen Yogurt,156,Base,30G (2 TBSP) LEMON JUICE,30,g,Lemon Juice,Alt measurement: 2 TBSP
Fan Favorites,Tart Frozen Yogurt,156,Base,40-50G (¼ CUP) SWEETENER (CODE ELI15 SAVES YOU 15%),40-50,g,Sweetener,Alt measurement: ¼ CUP; CODE ELI15 SAVES YOU 15%
Fan Favorites,Tart Frozen Yogurt,156,Base,"205 CAL 15G C, 1G F, 38G P",205,,"Cal 15G C, 1G F, 38G P",
Fan Favorites,The Tonight Dough,158,Base,1 CHOCOLATE PROTEIN SHAKE (350-400ML),1,,Chocolate Protein Shake,350-400ML
Fan Favorites,The Tonight Dough,158,Base,20G SWEETENER (CODE ELI15 SAVES YOU 15%),20,g,Sweetener,CODE ELI15 SAVES YOU 15%
Fan Favorites,The Tonight Dough,158,Base,10G COCOA POWDER,10,g,Cocoa Powder,
Fan Favorites,The Tonight Dough,158,Base,A PINCH OF SALT,A pinch,pinch,Salt,
Fan Favorites,The Tonight Dough,158,Base,1G (¼ TSP) XANTHAN GUM,1,g,Xanthan Gum,Alt measurement: ¼ TSP
Fan Favorites,The Tonight Dough,158,Mix-in,20G FUUL CHOCOLATE CHIP COOKIE DOUGH BITES,20,g,Fuul Chocolate Chip Cookie Dough Bites,
Fan Favorites,The Tonight Dough,158,Mix-in,2 OREO THINS (CREAM REMOVED),2,,Oreo Thins,CREAM REMOVED
Fan Favorites,The Tonight Dough,158,Mix-in,7G CARAMEL SYRUP,7,g,Caramel Syrup,
Fan Favorites,Tiramisu Topped,160,Base,400G FAT FREE ULTRA-FILTERED MILK,400,g,Fat Free Ultra-Filtered Milk,
Fan Favorites,Tiramisu Topped,160,Base,40G SWEETENER (CODE ELI15 SAVES YOU 15%),40,g,Sweetener,CODE ELI15 SAVES YOU 15%
Fan Favorites,Tiramisu Topped,160,Base,15G MASCARPONE,15,g,Mascarpone,
Fan Favorites,Tiramisu Topped,160,Base,5G (1 TSP) VANILLA BEAN PASTE (OR EXTRACT),5,g,Vanilla Bean Paste,Alt measurement: 1 TSP; OR EXTRACT
Fan Favorites,Tiramisu Topped,160,Base,A PINCH OF SALT,A pinch,pinch,Salt,
Fan Favorites,Tiramisu Topped,160,Base,1G (¼ TSP) XANTHAN GUM,1,g,Xanthan Gum,Alt measurement: ¼ TSP
Fan Favorites,Tiramisu Topped,160,Mix-in,10G HIGHKEY VANILLA WAFERS (CAN SUB WITH NILLA WAFERS),10,g,Highkey Vanilla Wafers,CAN SUB WITH NILLA WAFERS
Fan Favorites,Tiramisu Topped,160,Mix-in,"10G CHOCOLATE COVERED ESPRESSO BEANS (MIX IN ALL BUT ONE - SAVE ONE BEAN, CHOP IT UP FINELY AND TOP WITH IT AT THE END)",10,g,Chocolate Covered Espresso Beans,"MIX IN ALL BUT ONE - SAVE ONE BEAN, CHOP IT UP FINELY AND TOP WITH IT AT THE END"
Fan Favorites,Tiramisu Topped,160,Mix-in,15G (1 TBSP) LAKANTO CHOCOLATE SAUCE,15,g,Lakanto Chocolate Sauce,Alt measurement: 1 TBSP
Fan Favorites,Turtle Pecan Cluster,162,Base,400G FAT FREE ULTRA-FILTERED MILK,400,g,Fat Free Ultra-Filtered Milk,
Fan Favorites,Turtle Pecan Cluster,162,Base,40-45G SWEETENER (CODE ELI15 SAVES YOU 15%),40-45,g,Sweetener,CODE ELI15 SAVES YOU 15%
Fan Favorites,Turtle Pecan Cluster,162,Base,5G (1 TSP) VANILLA BEAN PASTE (OR EXTRACT),5,g,Vanilla Bean Paste,Alt measurement: 1 TSP; OR EXTRACT
Fan Favorites,Turtle Pecan Cluster,162,Base,A PINCH OF SALT,A pinch,pinch,Salt,
Fan Favorites,Turtle Pecan Cluster,162,Base,1G (¼ TSP) XANTHAN GUM,1,g,Xanthan Gum,Alt measurement: ¼ TSP
Fan Favorites,Turtle Pecan Cluster,162,Mix-in,7.5G SALTED CARAMEL SYRUP,7.5,g,Salted Caramel Syrup,
Fan Favorites,Turtle Pecan Cluster,162,Mix-in,5G CHOPPED PECANS,5,g,Chopped Pecans,
Fan Favorites,Turtle Pecan Cluster,162,Mix-in,15G CHOCOLATE CHIPS (60 CAL) MIXED WITH 2G OF COCONUT OIL (27 CAL),15,g,Chocolate Chips Mixed With 2G Of Coconut Oil,60 CAL; 27 CAL
Fan Favorites,Vanilla Pecan Blondie,164,Base,400G FAT FREE ULTRA-FILTERED MILK,400,g,Fat Free Ultra-Filtered Milk,
Fan Favorites,Vanilla Pecan Blondie,164,Base,40-45G SWEETENER (CODE ELI15 SAVES YOU 15%),40-45,g,Sweetener,CODE ELI15 SAVES YOU 15%
Fan Favorites,Vanilla Pecan Blondie,164,Base,5G (1 TSP) VANILLA BEAN PASTE (OR EXTRACT),5,g,Vanilla Bean Paste,Alt measurement: 1 TSP; OR EXTRACT
Fan Favorites,Vanilla Pecan Blondie,164,Base,A PINCH OF SALT,A pinch,pinch,Salt,
Fan Favorites,Vanilla Pecan Blondie,164,Base,1G (¼ TSP) XANTHAN GUM,1,g,Xanthan Gum,Alt measurement: ¼ TSP
Fan Favorites,Vanilla Pecan Blondie,164,Mix-in,5G CANDIED PECANS,5,g,Candied Pecans,
Fan Favorites,Vanilla Pecan Blondie,164,Mix-in,7G SALTED CARAMEL SYRUP,7,g,Salted Caramel Syrup,
Fan Favorites,Vanilla Pecan Blondie,164,Mix-in,"½ OF A PRIME BITES PROTEIN BROWNIE (IDEALLY ONE OF THE BLONDIE-STYLE FLAVORS), CHOPPED",½,,"Prime Bites Protein Brownie, Chopped",IDEALLY ONE OF THE BLONDIE-STYLE FLAVORS
Lactose Free,Apple Pie,13,Base,400G FAT FREE ULTRA-FILTERED MILK,400,g,Fat Free Ultra-Filtered Milk,
Lactose Free,Apple Pie,13,Base,40G SWEETENER (CODE ELI15 SAVES YOU 15%),40,g,Sweetener,CODE ELI15 SAVES YOU 15%
Lactose Free,Apple Pie,13,Base,2G (½ TSP) CINNAMON,2,g,Cinnamon,Alt measurement: ½ TSP
Lactose Free,Apple Pie,13,Base,A PINCH OF SALT,A pinch,pinch,Salt,
Lactose Free,Apple Pie,13,Base,1G (¼ TSP) XANTHAN GUM,1,g,Xanthan Gum,Alt measurement: ¼ TSP
Lactose Free,Apple Pie,13,Mix-in,1 MEDIUM APPLE,1,medium,Apple,
Lactose Free,Apple Pie,13,Mix-in,20-25G SWEETENER,20-25,g,Sweetener,
Lactose Free,Apple Pie,13,Mix-in,5-10G SUGAR FREE SYRUP,5-10,g,Sugar Free Syrup,
Lactose Free,Apple Pie,13,Mix-in,A FEW SPRINKLES OF CINNAMON,A few,few,Sprinkles Of Cinnamon,
Lactose Free,Apple Pie,13,Mix-in,A PINCH OF SALT,A pinch,pinch,Salt,
Lactose Free,Banana,15,Base,400G FAT FREE ULTRA-FILTERED MILK,400,g,Fat Free Ultra-Filtered Milk,
Lactose Free,Banana,15,Base,40G SWEETENER (CODE ELI15 SAVES YOU 15%),40,g,Sweetener,CODE ELI15 SAVES YOU 15%
Lactose Free,Banana,15,Base,1 SMALL BANANA (~100G),1,small,Banana,~100G
Lactose Free,Banana,15,Base,5G (1 TSP) VANILLA BEAN PASTE (OR EXTRACT),5,g,Vanilla Bean Paste,Alt measurement: 1 TSP; OR EXTRACT
Lactose Free,Banana,15,Base,A PINCH OF SALT,A pinch,pinch,Salt,
Lactose Free,Banana,15,Base,1G (¼ TSP) XANTHAN GUM,1,g,Xanthan Gum,Alt measurement: ¼ TSP
Lactose Free,Banana Bread Matcha,17,Base,400G FAT FREE ULTRA-FILTERED MILK,400,g,Fat Free Ultra-Filtered Milk,
Lactose Free,Banana Bread Matcha,17,Base,40G SWEETENER (CODE ELI15 SAVES YOU 15%),40,g,Sweetener,CODE ELI15 SAVES YOU 15%
Lactose Free,Banana Bread Matcha,17,Base,1 SMALL BANANA (~100G),1,small,Banana,~100G
Lactose Free,Banana Bread Matcha,17,Base,5G (1 TSP) VANILLA BEAN PASTE (OR EXTRACT),5,g,Vanilla Bean Paste,Alt measurement: 1 TSP; OR EXTRACT
Lactose Free,Banana Bread Matcha,17,Base,4G (2 TSP) MATCHA,4,g,Matcha,Alt measurement: 2 TSP
Lactose Free,Banana Bread Matcha,17,Base,1G (¼ TSP) CINNAMON,1,g,Cinnamon,Alt measurement: ¼ TSP
Lactose Free,Banana Bread Matcha,17,Base,A DASH OF NUTMEG,A dash,dash,Nutmeg,
Lactose Free,Banana Bread Matcha,17,Base,A PINCH OF SALT,A pinch,pinch,Salt,
Lactose Free,Banana Bread Matcha,17,Base,1G (¼ TSP) XANTHAN GUM,1,g,Xanthan Gum,Alt measurement: ¼ TSP
Lactose Free,Birthday Cake,19,Base,400G FAT FREE ULTRA-FILTERED MILK,400,g,Fat Free Ultra-Filtered Milk,
Lactose Free,Birthday Cake,19,Base,40-45G SWEETENER (CODE ELI15 SAVES YOU 15%),40-45,g,Sweetener,CODE ELI15 SAVES YOU 15%
Lactose Free,Birthday Cake,19,Base,5G (1 TSP) CAKE BATTER EXTRACT,5,g,Cake Batter Extract,Alt measurement: 1 TSP
Lactose Free,Birthday Cake,19,Base,A PINCH OF SALT,A pinch,pinch,Salt,
Lactose Free,Birthday Cake,19,Base,1G (¼ TSP) XANTHAN GUM,1,g,Xanthan Gum,Alt measurement: ¼ TSP
Lactose Free,Birthday Cake,19,Mix-in,2 TSP RAINBOW SPRINKLES,2,tsp,Rainbow Sprinkles,
Lactose Free,Biscoff (Cookie Butter),21,Base,400G FAT FREE ULTRA-FILTERED MILK,400,g,Fat Free Ultra-Filtered Milk,
Lactose Free,Biscoff (Cookie Butter),21,Base,40-45G SWEETENER (CODE ELI15 SAVES YOU 15%),40-45,g,Sweetener,CODE ELI15 SAVES YOU 15%
Lactose Free,Biscoff (Cookie Butter),21,Base,1 TSP LORANN’S COOKIE BUTTER EMULSION (OPTIONAL),1,tsp,Lorann’S Cookie Butter Emulsion,OPTIONAL
Lactose Free,Biscoff (Cookie Butter),21,Base,3G (½ TSP) CINNAMON,3,g,Cinnamon,Alt measurement: ½ TSP
Lactose Free,Biscoff (Cookie Butter),21,Base,A PINCH OF SALT,A pinch,pinch,Salt,
Lactose Free,Biscoff (Cookie Butter),21,Base,1G (¼ TSP) XANTHAN GUM,1,g,Xanthan Gum,Alt measurement: ¼ TSP
Lactose Free,Biscoff (Cookie Butter),21,Mix-in,3 LOTUS BISCOFF COOKIES (CRUMBLED UP),3,,Lotus Biscoff Cookies,CRUMBLED UP
Lactose Free,Blueberry Pie,23,Base,1 LACTOSE-FREE VANILLA PROTEIN SHAKE (350-400ML),1,,Lactose-Free Vanilla Protein Shake,350-400ML
Lactose Free,Blueberry Pie,23,Base,20-25G SWEETENER (CODE ELI15 SAVES YOU 15%),20-25,g,Sweetener,CODE ELI15 SAVES YOU 15%
Lactose Free,Blueberry Pie,23,Base,2.5G (½ TSP) VANILLA BEAN PASTE (OR EXTRACT),2.5,g,Vanilla Bean Paste,Alt measurement: ½ TSP; OR EXTRACT
Lactose Free,Blueberry Pie,23,Base,A PINCH OF SALT,A pinch,pinch,Salt,
Lactose Free,Blueberry Pie,23,Base,1G (¼ TSP) XANTHAN GUM,1,g,Xanthan Gum,Alt measurement: ¼ TSP
Lactose Free,Blueberry Pie,23,Mix-in,50G FROZEN BLUEBERRIES,50,g,Frozen Blueberries,
Lactose Free,Blueberry Pie,23,Mix-in,"2 NILLA WAFERS, CRUMBLED (CAN SUB WITH GRAHAM CRACKERS OR SHORTBREAD)",2,,"Nilla Wafers, Crumbled",CAN SUB WITH GRAHAM CRACKERS OR SHORTBREAD
Lactose Free,Brownie Batter,25,Base,1 LACTOSE-FREE CHOCOLATE PROTEIN SHAKE (350-400ML),1,,Lactose-Free Chocolate Protein Shake,350-400ML
Lactose Free,Brownie Batter,25,Base,20G SWEETENER (CODE ELI15 SAVES YOU 15%),20,g,Sweetener,CODE ELI15 SAVES YOU 15%
Lactose Free,Brownie Batter,25,Base,20G BLACK COCOA POWDER,20,g,Black Cocoa Powder,
Lactose Free,Brownie Batter,25,Base,A PINCH OF SALT,A pinch,pinch,Salt,
Lactose Free,Brownie Batter,25,Base,1G (¼ TSP) XANTHAN GUM,1,g,Xanthan Gum,Alt measurement: ¼ TSP
Lactose Free,Cake Batter (Milk),27,Base,400G FAT FREE ULTRA-FILTERED MILK,400,g,Fat Free Ultra-Filtered Milk,
Lactose Free,Cake Batter (Milk),27,Base,40-45G SWEETENER (CODE ELI15 SAVES YOU 15%),40-45,g,Sweetener,CODE ELI15 SAVES YOU 15%
Lactose Free,Cake Batter (Milk),27,Base,2.5G (½ TSP) VANILLA BEAN PASTE (OR EXTRACT),2.5,g,Vanilla Bean Paste,Alt measurement: ½ TSP; OR EXTRACT
Lactose Free,Cake Batter (Milk),27,Base,5G (1 TSP) CAKE BATTER EXTRACT,5,g,Cake Batter Extract,Alt measurement: 1 TSP
Lactose Free,Cake Batter (Milk),27,Base,A PINCH OF SALT,A pinch,pinch,Salt,
Lactose Free,Cake Batter (Milk),27,Base,1G (¼ TSP) XANTHAN GUM,1,g,Xanthan Gum,Alt measurement: ¼ TSP
Lactose Free,Cake Batter (Protein Shake),29,Base,1 LACTOSE-FREE VANILLA PROTEIN SHAKE,1,,Lactose-Free Vanilla Protein Shake,
Lactose Free,Cake Batter (Protein Shake),29,Base,5G (1 TSP) CAKE BATTER EXTRACT,5,g,Cake Batter Extract,Alt measurement: 1 TSP
Lactose Free,Cake Batter (Protein Shake),29,Base,2.5G (½ TSP) VANILLA BEAN PASTE (OR EXTRACT),2.5,g,Vanilla Bean Paste,Alt measurement: ½ TSP; OR EXTRACT
Lactose Free,Cake Batter (Protein Shake),29,Base,20-25G SWEETENER (CODE ELI15 SAVES YOU 15%),20-25,g,Sweetener,CODE ELI15 SAVES YOU 15%
Lactose Free,Cake Batter (Protein Shake),29,Base,1G (¼ TSP) SALT,1,g,Salt,Alt measurement: ¼ TSP
Lactose Free,Cake Batter (Protein Shake),29,Base,1G (¼ TSP) XANTHAN GUM,1,g,Xanthan Gum,Alt measurement: ¼ TSP
Lactose Free,Cake Batter Oreo,31,Base,400G FAT FREE ULTRA-FILTERED MILK,400,g,Fat Free Ultra-Filtered Milk,
Lactose Free,Cake Batter Oreo,31,Base,40G SWEETENER (CODE ELI15 SAVES YOU 15%),40,g,Sweetener,CODE ELI15 SAVES YOU 15%
Lactose Free,Cake Batter Oreo,31,Base,5G (1 TSP) VANILLA BEAN PASTE (OR EXTRACT),5,g,Vanilla Bean Paste,Alt measurement: 1 TSP; OR EXTRACT
Lactose Free,Cake Batter Oreo,31,Base,A PINCH OF SALT,A pinch,pinch,Salt,
Lactose Free,Cake Batter Oreo,31,Base,1G (¼ TSP) XANTHAN GUM,1,g,Xanthan Gum,Alt measurement: ¼ TSP
Lactose Free,Cake Batter Oreo,31,Mix-in,"40G OF YOUR FAVORITE CHOCOLATE CANDY BARS, CHOPPED (MACROS ACCOUNT FOR EQUAL AMOUNTS OF HERSHEY’S BARS, REESE’S, ALMOND JOY, AND KIT KAT)",40,g,"Your Favorite Chocolate Candy Bars, Chopped","MACROS ACCOUNT FOR EQUAL AMOUNTS OF HERSHEY’S BARS, REESE’S, ALMOND JOY, AND KIT KAT"
Lactose Free,Caramel Apple,33,Base,1 LACTOSE-FREE CARAMEL PROTEIN SHAKE,1,,Lactose-Free Caramel Protein Shake,
Lactose Free,Caramel Apple,33,Base,20-25G SWEETENER (CODE ELI15 SAVES YOU 15%),20-25,g,Sweetener,CODE ELI15 SAVES YOU 15%
Lactose Free,Caramel Apple,33,Base,A PINCH OF SALT,A pinch,pinch,Salt,
Lactose Free,Caramel Apple,33,Base,1G (¼ TSP) XANTHAN GUM,1,g,Xanthan Gum,Alt measurement: ¼ TSP
Lactose Free,Caramel Apple,33,Mix-in,7G CARAMEL SYRUP,7,g,Caramel Syrup,
Lactose Free,Caramel Apple,33,Mix-in,1 MEDIUM APPLE,1,medium,Apple,
Lactose Free,Caramel Apple,33,Mix-in,20-25G SWEETENER,20-25,g,Sweetener,
Lactose Free,Caramel Apple,33,Mix-in,5-10G SUGAR FREE SYRUP,5-10,g,Sugar Free Syrup,
Lactose Free,Caramel Apple,33,Mix-in,A FEW SPRINKLES OF CINNAMON,A few,few,Sprinkles Of Cinnamon,
Lactose Free,Caramel Apple,33,Mix-in,A PINCH OF SALT,A pinch,pinch,Salt,
Lactose Free,Cereal Milk,35,Base,ALL OF THE CEREAL MILK YOU MADE (SHOULD BE 250-300G),,,All Of The Cereal Milk You Made,SHOULD BE 250-300G
Lactose Free,Cereal Milk,35,Base,~100G FAT FREE ULTRA-FILTERED MILK (UNTIL 400G TOTAL OF MILK),~100,g,Fat Free Ultra-Filtered Milk,UNTIL 400G TOTAL OF MILK
Lactose Free,Cereal Milk,35,Base,5G (1 TSP) VANILLA BEAN PASTE (OR EXTRACT),5,g,Vanilla Bean Paste,Alt measurement: 1 TSP; OR EXTRACT
Lactose Free,Cereal Milk,35,Base,35-40G SWEETENER (CODE ELI15 SAVES YOU 15%),35-40,g,Sweetener,CODE ELI15 SAVES YOU 15%
Lactose Free,Cereal Milk,35,Base,A PINCH OF SALT,A pinch,pinch,Salt,
Lactose Free,Cereal Milk,35,Base,1G (¼ TSP) XANTHAN GUM,1,g,Xanthan Gum,Alt measurement: ¼ TSP
Lactose Free,Chai,37,Base,400G FAT FREE ULTRA-FILTERED MILK,400,g,Fat Free Ultra-Filtered Milk,
Lactose Free,Chai,37,Base,1 HEAPING TBSP LOOSE CHAI TEA,1,,Heaping Tbsp Loose Chai Tea,
Lactose Free,Chai,37,Base,40-45G SWEETENER (CODE ELI15 SAVES YOU 15%),40-45,g,Sweetener,CODE ELI15 SAVES YOU 15%
Lactose Free,Chai,37,Base,5G (1 TSP) VANILLA BEAN PASTE (OR EXTRACT),5,g,Vanilla Bean Paste,Alt measurement: 1 TSP; OR EXTRACT
Lactose Free,Chai,37,Base,A PINCH OF SALT,A pinch,pinch,Salt,
Lactose Free,Chai,37,Base,1G (¼ TSP) XANTHAN GUM,1,g,Xanthan Gum,Alt measurement: ¼ TSP
Lactose Free,Chocolate,39,Base,1 LACTOSE-FREE CHOCOLATE PROTEIN SHAKE (350-400ML),1,,Lactose-Free Chocolate Protein Shake,350-400ML
Lactose Free,Chocolate,39,Base,20G SWEETENER (CODE ELI15 SAVES YOU 15%),20,g,Sweetener,CODE ELI15 SAVES YOU 15%
Lactose Free,Chocolate,39,Base,10G COCOA POWDER,10,g,Cocoa Powder,
Lactose Free,Chocolate,39,Base,A PINCH OF SALT,A pinch,pinch,Salt,
Lactose Free,Chocolate,39,Base,1G (¼ TSP) XANTHAN GUM,1,g,Xanthan Gum,Alt measurement: ¼ TSP
Lactose Free,Chocolate & Vanilla Twist,41,Base,400G FAT FREE ULTRA-FILTERED MILK,400,g,Fat Free Ultra-Filtered Milk,
Lactose Free,Chocolate & Vanilla Twist,41,Base,40-45G SWEETENER (CODE ELI15 SAVES YOU 15%),40-45,g,Sweetener,CODE ELI15 SAVES YOU 15%
Lactose Free,Chocolate & Vanilla Twist,41,Base,5G (1 TSP) VANILLA BEAN PASTE (OR EXTRACT),5,g,Vanilla Bean Paste,Alt measurement: 1 TSP; OR EXTRACT
Lactose Free,Chocolate & Vanilla Twist,41,Base,A PINCH OF SALT,A pinch,pinch,Salt,
Lactose Free,Chocolate & Vanilla Twist,41,Base,1G (¼ TSP) XANTHAN GUM,1,g,Xanthan Gum,Alt measurement: ¼ TSP
Lactose Free,Chocolate & Vanilla Twist,41,Mix-in,45G (2 TBSP) LOW CALORIE CHOCOLATE GANACHE,45,g,Low Calorie Chocolate Ganache,Alt measurement: 2 TBSP
Lactose Free,Cinnamon Pebbles,43,Base,400G FAT FREE ULTRA-FILTERED MILK,400,g,Fat Free Ultra-Filtered Milk,
Lactose Free,Cinnamon Pebbles,43,Base,40-45G SWEETENER (CODE ELI15 SAVES YOU 15%),40-45,g,Sweetener,CODE ELI15 SAVES YOU 15%
Lactose Free,Cinnamon Pebbles,43,Base,5G (1 TSP) VANILLA BEAN PASTE (OR EXTRACT),5,g,Vanilla Bean Paste,Alt measurement: 1 TSP; OR EXTRACT
Lactose Free,Cinnamon Pebbles,43,Base,3G (½ TSP) CINNAMON,3,g,Cinnamon,Alt measurement: ½ TSP
Lactose Free,Cinnamon Pebbles,43,Base,A PINCH OF SALT,A pinch,pinch,Salt,
Lactose Free,Cinnamon Pebbles,43,Base,1G (¼ TSP) XANTHAN GUM,1,g,Xanthan Gum,Alt measurement: ¼ TSP
Lactose Free,Cinnamon Pebbles,43,Mix-in,20G CINNAMON PEBBLES,20,g,Cinnamon Pebbles,
Lactose Free,Coffee,45,Base,1 LACTOSE-FREE VANILLA PROTEIN SHAKE (350-400ML),1,,Lactose-Free Vanilla Protein Shake,350-400ML
Lactose Free,Coffee,45,Base,20-25G SWEETENER (CODE ELI15 SAVES YOU 15%),20-25,g,Sweetener,CODE ELI15 SAVES YOU 15%
Lactose Free,Coffee,45,Base,1 SHOT ESPRESSO (FEEL FREE TO SUB FOR 1 TBSP OF INSTANT COFFEE OR A COMETEER POD),1,shot,Espresso,Alt measurement: FEEL FREE TO SUB FOR 1 TBSP OF INSTANT COFFEE OR A COMETEER POD
Lactose Free,Coffee,45,Base,A PINCH OF SALT,A pinch,pinch,Salt,
Lactose Free,Coffee,45,Base,1G (¼ TSP) XANTHAN GUM,1,g,Xanthan Gum,Alt measurement: ¼ TSP
Lactose Free,Cotton Candy Blizzard,47,Base,400G FAT FREE ULTRA-FILTERED MILK,400,g,Fat Free Ultra-Filtered Milk,
Lactose Free,Cotton Candy Blizzard,47,Base,40-45G SWEETENER (CODE ELI15 SAVES YOU 15%),40-45,g,Sweetener,CODE ELI15 SAVES YOU 15%
Lactose Free,Cotton Candy Blizzard,47,Base,1G (¼ TSP) LORANN COTTON CANDY FLAVORING,1,g,Lorann Cotton Candy Flavoring,Alt measurement: ¼ TSP
Lactose Free,Cotton Candy Blizzard,47,Base,A PINCH OF SALT,A pinch,pinch,Salt,
Lactose Free,Cotton Candy Blizzard,47,Base,1G (¼ TSP) XANTHAN GUM,1,g,Xanthan Gum,Alt measurement: ¼ TSP
Lactose Free,Cotton Candy Blizzard,47,Mix-in,*USE WHATEVER KIND OF PINK AND PURPLE SPRINKLES OR CANDY YOU CAN FIND. I’M NOT INCLUDING THEM IN THE MACROS BECAUSE THEY WILL VARY GREATLY DEPENDING ON WHAT YOU USE.,,,*Use Whatever Kind Of Pink And Purple Sprinkles Or Candy You Can Find. I’M Not Including Them In The Macros Because They Will Vary Greatly Depending On What You Use.,
Lactose Free,Dark Chocolate Raspberry,49,Base,1 LACTOSE-FREE CHOCOLATE PROTEIN SHAKE (350-400ML),1,,Lactose-Free Chocolate Protein Shake,350-400ML
Lactose Free,Dark Chocolate Raspberry,49,Base,20G SWEETENER (CODE ELI15 SAVES YOU 15%),20,g,Sweetener,CODE ELI15 SAVES YOU 15%
Lactose Free,Dark Chocolate Raspberry,49,Base,10G COCOA POWDER,10,g,Cocoa Powder,
Lactose Free,Dark Chocolate Raspberry,49,Base,10G BLACK COCOA POWDER,10,g,Black Cocoa Powder,
Lactose Free,Dark Chocolate Raspberry,49,Base,A PINCH OF SALT,A pinch,pinch,Salt,
Lactose Free,Dark Chocolate Raspberry,49,Base,1G (¼ TSP) XANTHAN GUM,1,g,Xanthan Gum,Alt measurement: ¼ TSP
Lactose Free,Dark Chocolate Raspberry,49,Mix-in,"100G RASPBERRIES (FRESH IF YOU WANT A SOFTER ICE CREAM/MOUSSE-LIKE TEXTURE, OR FROZEN IF YOU WANT A TRUE ICE CREAM TEXTURE)",100,g,Raspberries,"FRESH IF YOU WANT A SOFTER ICE CREAM/MOUSSE-LIKE TEXTURE, OR FROZEN IF YOU WANT A TRUE ICE CREAM TEXTURE"
Lactose Free,Dole Whip,51,Base,"170G (1 CUP) PINEAPPLE (CANNED, FRESH, OR FROZEN)",170,g,Pineapple,"Alt measurement: 1 CUP; CANNED, FRESH, OR FROZEN"
Lactose Free,Dole Whip,51,Base,60G OR ABOUT ½ OF A MEDIUM BANANA,60,g,Or About ½ Of A Medium Banana,
Lactose Free,Dole Whip,51,Base,180G (¾ CUP) UNSWEETENED COCONUT MILK,180,g,Unsweetened Coconut Milk,Alt measurement: ¾ CUP
Lactose Free,Dole Whip,51,Base,"20-30G (2 TBSP) SWEETENER (CODE ELI15 SAVES YOU 15%), OPTIONAL BUT RECOMMENDED",20-30,g,"Sweetener, Optional But Recommended",Alt measurement: 2 TBSP; CODE ELI15 SAVES YOU 15%
Lactose Free,Dole Whip,51,Base,A SPLASH OF VANILLA BEAN PASTE (OR EXTRACT),A splash,splash,Vanilla Bean Paste,OR EXTRACT
Lactose Free,Dr Pepper Float,53,Base,8 OZ LACTOSE-FREE VANILLA PROTEIN SHAKE,8,oz,Lactose-Free Vanilla Protein Shake,
Lactose Free,Dr Pepper Float,53,Base,8 OZ DIET DR PEPPER,8,oz,Diet Dr Pepper,
Lactose Free,Dr Pepper Float,53,Base,20-25G SWEETENER (CODE ELI15 SAVES YOU 15%),20-25,g,Sweetener,CODE ELI15 SAVES YOU 15%
Lactose Free,Dr Pepper Float,53,Base,A PINCH OF SALT,A pinch,pinch,Salt,
Lactose Free,Dr Pepper Float,53,Base,1G (¼ TSP) XANTHAN GUM,1,g,Xanthan Gum,Alt measurement: ¼ TSP
Lactose Free,Eggnog,55,Base,300G FAT FREE ULTRA-FILTERED MILK,300,g,Fat Free Ultra-Filtered Milk,
Lactose Free,Eggnog,55,Base,100G ALMOND NOG (OR ANY LOW FAT EGGNOG),100,g,Almond Nog,OR ANY LOW FAT EGGNOG
Lactose Free,Eggnog,55,Base,"1 LARGE EGG (OPTIONAL – ADDS CUSTARD-STYLE CREAMINESS, SKIP IF YOU PREFER)",1,large,Egg,"OPTIONAL – ADDS CUSTARD-STYLE CREAMINESS, SKIP IF YOU PREFER"
Lactose Free,Eggnog,55,Base,35-40G SWEETENER (CODE ELI15 SAVES YOU 15%),35-40,g,Sweetener,CODE ELI15 SAVES YOU 15%
Lactose Free,Eggnog,55,Base,2G (½ TSP) NUTMEG,2,g,Nutmeg,Alt measurement: ½ TSP
Lactose Free,Eggnog,55,Base,1G (¼ TSP) CINNAMON,1,g,Cinnamon,Alt measurement: ¼ TSP
Lactose Free,Eggnog,55,Base,A PINCH OF GROUND CLOVE,A pinch,pinch,Ground Clove,
Lactose Free,Eggnog,55,Base,A PINCH OF SALT,A pinch,pinch,Salt,
Lactose Free,Eggnog,55,Base,0.5G (⅛ TSP) XANTHAN GUM (DOUBLE THIS IF YOU’RE SKIPPING THE EGG),0.5,g,Xanthan Gum,Alt measurement: ⅛ TSP; DOUBLE THIS IF YOU’RE SKIPPING THE EGG
Lactose Free,Fruit Sorbet,57,Base,"1 CAN (~400 G) FRUIT OF YOUR CHOICE (MANGOS, PEACHES, PEARS, ETC.)",1,can,Fruit Of Your Choice,"Alt measurement: ~400 G; MANGOS, PEACHES, PEARS, ETC."
Lactose Free,Fruit Sorbet,57,Base,25G (2 TBSP) SWEETENER (CODE ELI15 SAVES YOU 15%),25,g,Sweetener,Alt measurement: 2 TBSP; CODE ELI15 SAVES YOU 15%
Lactose Free,Fruit Sorbet,57,Base,1G (¼ TSP) SALT,1,g,Salt,Alt measurement: ¼ TSP
Lactose Free,Fruit Sorbet,57,Base,1G (¼ TSP) XANTHAN GUM,1,g,Xanthan Gum,Alt measurement: ¼ TSP
Lactose Free,Fruity Pebbles,59,Base,400G FAT FREE ULTRA-FILTERED MILK,400,g,Fat Free Ultra-Filtered Milk,
Lactose Free,Fruity Pebbles,59,Base,40-45G SWEETENER (CODE ELI15 SAVES YOU 15%),40-45,g,Sweetener,CODE ELI15 SAVES YOU 15%
Lactose Free,Fruity Pebbles,59,Base,5G (1 TSP) VANILLA BEAN PASTE (OR EXTRACT),5,g,Vanilla Bean Paste,Alt measurement: 1 TSP; OR EXTRACT
Lactose Free,Fruity Pebbles,59,Base,A PINCH OF SALT,A pinch,pinch,Salt,
Lactose Free,Fruity Pebbles,59,Base,1G (¼ TSP) XANTHAN GUM,1,g,Xanthan Gum,Alt measurement: ¼ TSP
Lactose Free,Fruity Pebbles,59,Mix-in,20G FRUITY PEBBLES,20,g,Fruity Pebbles,
Lactose Free,Grape Sorbet,61,Base,1-1.5 CUPS OF GREEN (OR RED) GRAPES,1-1.5,cups,Green Grapes,OR RED
Lactose Free,Grape Sorbet,61,Base,SPRITE ZERO UNTIL THE FILL LINE,,,Sprite Zero Until The Fill Line,
Lactose Free,Horchata,63,Base,400G FAT FREE ULTRA-FILTERED MILK,400,g,Fat Free Ultra-Filtered Milk,
Lactose Free,Horchata,63,Base,40-45G SWEETENER (CODE ELI15 SAVES YOU 15%),40-45,g,Sweetener,CODE ELI15 SAVES YOU 15%
Lactose Free,Horchata,63,Base,5G (1 TSP) VANILLA BEAN PASTE (OR EXTRACT),5,g,Vanilla Bean Paste,Alt measurement: 1 TSP; OR EXTRACT
Lactose Free,Horchata,63,Base,3G (½ TSP) CINNAMON,3,g,Cinnamon,Alt measurement: ½ TSP
Lactose Free,Horchata,63,Base,A PINCH OF SALT,A pinch,pinch,Salt,
Lactose Free,Horchata,63,Base,1G (¼ TSP) XANTHAN GUM,1,g,Xanthan Gum,Alt measurement: ¼ TSP
Lactose Free,Hot Cocoa,65,Base,1 LACTOSE-FREE CHOCOLATE PROTEIN SHAKE (350-400ML),1,,Lactose-Free Chocolate Protein Shake,350-400ML
Lactose Free,Hot Cocoa,65,Base,20-25G SWEETENER (CODE ELI15 SAVES YOU 15%),20-25,g,Sweetener,CODE ELI15 SAVES YOU 15%
Lactose Free,Hot Cocoa,65,Base,10G COCOA POWDER,10,g,Cocoa Powder,
Lactose Free,Hot Cocoa,65,Base,A PINCH OF SALT,A pinch,pinch,Salt,
Lactose Free,Hot Cocoa,65,Base,1G (¼ TSP) XANTHAN GUM,1,g,Xanthan Gum,Alt measurement: ¼ TSP
Lactose Free,Hot Cocoa,65,Mix-in,30G MINI MARSHMALLOWS,30,g,Mini Marshmallows,
Lactose Free,Mango & Cream,67,Base,1 LACTOSE-FREE VANILLA PROTEIN SHAKE (350-400ML),1,,Lactose-Free Vanilla Protein Shake,350-400ML
Lactose Free,Mango & Cream,67,Base,"140G MANGO (CANNED, FRESH, OR FROZEN)",140,g,Mango,"CANNED, FRESH, OR FROZEN"
Lactose Free,Mango & Cream,67,Base,15-20G SWEETENER (CODE ELI15 SAVES YOU 15%),15-20,g,Sweetener,CODE ELI15 SAVES YOU 15%
Lactose Free,Mango & Cream,67,Base,2.5G (½ TSP) VANILLA BEAN PASTE (OR EXTRACT),2.5,g,Vanilla Bean Paste,Alt measurement: ½ TSP; OR EXTRACT
Lactose Free,Maple,69,Base,400G FAT FREE ULTRA-FILTERED MILK,400,g,Fat Free Ultra-Filtered Milk,
Lactose Free,Maple,69,Base,25-30G SWEETENER (CODE ELI15 SAVES YOU 15%),25-30,g,Sweetener,CODE ELI15 SAVES YOU 15%
Lactose Free,Maple,69,Base,30G SUGAR FREE SYRUP,30,g,Sugar Free Syrup,
Lactose Free,Maple,69,Base,A PINCH OF SALT,A pinch,pinch,Salt,
Lactose Free,Maple,69,Base,1G (¼ TSP) XANTHAN GUM,1,g,Xanthan Gum,Alt measurement: ¼ TSP
Lactose Free,Matcha,71,Base,400G FAT FREE ULTRA-FILTERED MILK,400,g,Fat Free Ultra-Filtered Milk,
Lactose Free,Matcha,71,Base,4G (2 TSP) MATCHA,4,g,Matcha,Alt measurement: 2 TSP
Lactose Free,Matcha,71,Base,40-45G SWEETENER (CODE ELI15 SAVES YOU 15%),40-45,g,Sweetener,CODE ELI15 SAVES YOU 15%
Lactose Free,Matcha,71,Base,5G (1 TSP) VANILLA BEAN PASTE (OR EXTRACT),5,g,Vanilla Bean Paste,Alt measurement: 1 TSP; OR EXTRACT
Lactose Free,Matcha,71,Base,A PINCH OF SALT,A pinch,pinch,Salt,
Lactose Free,Matcha,71,Base,1G (¼ TSP) XANTHAN GUM,1,g,Xanthan Gum,Alt measurement: ¼ TSP
Lactose Free,Matcha Oreo,73,Base,400G FAT FREE ULTRA-FILTERED MILK,400,g,Fat Free Ultra-Filtered Milk,
Lactose Free,Matcha Oreo,73,Base,4G (2 TSP) MATCHA,4,g,Matcha,Alt measurement: 2 TSP
Lactose Free,Matcha Oreo,73,Base,40-45G SWEETENER (CODE ELI15 SAVES YOU 15%),40-45,g,Sweetener,CODE ELI15 SAVES YOU 15%
Lactose Free,Matcha Oreo,73,Base,A PINCH OF SALT,A pinch,pinch,Salt,
Lactose Free,Matcha Oreo,73,Base,1G (¼ TSP) XANTHAN GUM,1,g,Xanthan Gum,Alt measurement: ¼ TSP
Lactose Free,Matcha Oreo,73,Base,(OPTIONAL) 5G (1 TSP) VANILLA BEAN PASTE (OR EXTRACT),5,g,Vanilla Bean Paste,Optional; Alt measurement: 1 TSP; OR EXTRACT
Lactose Free,Matcha Oreo,73,Mix-in,5 OREO THINS (CREAM REMOVED),5,,Oreo Thins,CREAM REMOVED
Lactose Free,Mexican Chocolate,75,Base,1 LACTOSE-FREE CHOCOLATE PROTEIN SHAKE (350-400ML),1,,Lactose-Free Chocolate Protein Shake,350-400ML
Lactose Free,Mexican Chocolate,75,Base,20-25G SWEETENER (CODE ELI15 SAVES YOU 15%),20-25,g,Sweetener,CODE ELI15 SAVES YOU 15%
Lactose Free,Mexican Chocolate,75,Base,10G COCOA POWDER,10,g,Cocoa Powder,
Lactose Free,Mexican Chocolate,75,Base,2G (½ TSP) CINNAMON 2-3 SPRINKLES CAYENNE PEPPER (BE CAREFUL WITH THIS! IT GETS VERY SPICY VERY FAST),2,g,Cinnamon 2-3 Sprinkles Cayenne Pepper,Alt measurement: ½ TSP; BE CAREFUL WITH THIS! IT GETS VERY SPICY VERY FAST
Lactose Free,Mexican Chocolate,75,Base,A PINCH OF SALT,A pinch,pinch,Salt,
Lactose Free,Mexican Chocolate,75,Base,1G (¼ TSP) XANTHAN GUM,1,g,Xanthan Gum,Alt measurement: ¼ TSP
Lactose Free,Mocha,77,Base,1 LACTOSE-FREE CHOCOLATE PROTEIN SHAKE (350-400ML),1,,Lactose-Free Chocolate Protein Shake,350-400ML
Lactose Free,Mocha,77,Base,20G SWEETENER (CODE ELI15 SAVES YOU 15%),20,g,Sweetener,CODE ELI15 SAVES YOU 15%
Lactose Free,Mocha,77,Base,10G COCOA POWDER,10,g,Cocoa Powder,
Lactose Free,Mocha,77,Base,1 SHOT ESPRESSO (FEEL FREE TO SUB FOR 1 TBSP OF INSTANT COFFEE OR A COMETEER POD),1,shot,Espresso,Alt measurement: FEEL FREE TO SUB FOR 1 TBSP OF INSTANT COFFEE OR A COMETEER POD
Lactose Free,Mocha,77,Base,A PINCH OF SALT,A pinch,pinch,Salt,
Lactose Free,Mocha,77,Base,1G (¼ TSP) XANTHAN GUM,1,g,Xanthan Gum,Alt measurement: ¼ TSP
Lactose Free,Orange Creamsicle,79,Base,250G ORANGES OR ORANGE JUICE,250,g,Oranges Or Orange Juice,
Lactose Free,Orange Creamsicle,79,Base,250G FAT FREE ULTRA-FILTERED MILK,250,g,Fat Free Ultra-Filtered Milk,
Lactose Free,Orange Creamsicle,79,Base,20G SWEETENER (CODE ELI15 SAVES YOU 15%),20,g,Sweetener,CODE ELI15 SAVES YOU 15%
Lactose Free,Orange Creamsicle,79,Base,5G (1 TSP) VANILLA EXTRACT,5,g,Vanilla Extract,Alt measurement: 1 TSP
Lactose Free,Orange Creamsicle,79,Base,1G (¼ TSP) SALT,1,g,Salt,Alt measurement: ¼ TSP
Lactose Free,Orange Creamsicle,79,Base,1G (¼ TSP) XANTHAN GUM,1,g,Xanthan Gum,Alt measurement: ¼ TSP
Lactose Free,Pecan Pie,81,Base,400G FAT FREE ULTRA-FILTERED MILK,400,g,Fat Free Ultra-Filtered Milk,
Lactose Free,Pecan Pie,81,Base,40G BROWN SUGAR SWEETENER (CODE ELI15 SAVES YOU 15%),40,g,Brown Sugar Sweetener,CODE ELI15 SAVES YOU 15%
Lactose Free,Pecan Pie,81,Base,5G (1 TSP) VANILLA BEAN PASTE (OR EXTRACT),5,g,Vanilla Bean Paste,Alt measurement: 1 TSP; OR EXTRACT
Lactose Free,Pecan Pie,81,Base,A PINCH OF SALT,A pinch,pinch,Salt,
Lactose Free,Pecan Pie,81,Base,1G (¼ TSP) XANTHAN GUM,1,g,Xanthan Gum,Alt measurement: ¼ TSP
Lactose Free,Pecan Pie,81,Mix-in,10G PECAN PRALINES (OR REGULAR PECANS),10,g,Pecan Pralines,OR REGULAR PECANS
Lactose Free,Pecan Pie,81,Mix-in,1 MINI PIE CRUST (100 CALORIES),1,mini,Pie Crust,100 CALORIES
Lactose Free,Peppermint,83,Base,400G FAT FREE ULTRA-FILTERED MILK,400,g,Fat Free Ultra-Filtered Milk,
Lactose Free,Peppermint,83,Base,40G SWEETENER (CODE ELI15 SAVES YOU 15%),40,g,Sweetener,CODE ELI15 SAVES YOU 15%
Lactose Free,Peppermint,83,Base,2.5G (½ TSP) VANILLA BEAN PASTE (OR EXTRACT),2.5,g,Vanilla Bean Paste,Alt measurement: ½ TSP; OR EXTRACT
Lactose Free,Peppermint,83,Base,⅛ TSP PEPPERMINT EXTRACT,⅛,tsp,Peppermint Extract,
Lactose Free,Peppermint,83,Base,1 TSP PEPPERMINT BARK SKINNY SYRUPS (OPTIONAL),1,tsp,Peppermint Bark Skinny Syrups,OPTIONAL
Lactose Free,Peppermint,83,Base,A PINCH OF SALT,A pinch,pinch,Salt,
Lactose Free,Peppermint,83,Base,1G (¼ TSP) XANTHAN GUM,1,g,Xanthan Gum,Alt measurement: ¼ TSP
Lactose Free,Peppermint Mocha,85,Base,1 LACTOSE-FREE CHOCOLATE PROTEIN SHAKE (350-400ML),1,,Lactose-Free Chocolate Protein Shake,350-400ML
Lactose Free,Peppermint Mocha,85,Base,1 SHOT OF ESPRESSO,1,shot,Espresso,
Lactose Free,Peppermint Mocha,85,Base,⅛ TSP PEPPERMINT EXTRACT,⅛,tsp,Peppermint Extract,
Lactose Free,Peppermint Mocha,85,Base,1 TSP PEPPERMINT BARK SKINNY SYRUPS (OPTIONAL),1,tsp,Peppermint Bark Skinny Syrups,OPTIONAL
Lactose Free,Peppermint Mocha,85,Base,20G SWEETENER (CODE ELI15 SAVES YOU 15%),20,g,Sweetener,CODE ELI15 SAVES YOU 15%
Lactose Free,Peppermint Mocha,85,Base,10G COCOA POWDER,10,g,Cocoa Powder,
Lactose Free,Peppermint Mocha,85,Base,A PINCH OF SALT,A pinch,pinch,Salt,
Lactose Free,Peppermint Mocha,85,Base,1G (¼ TSP) XANTHAN GUM,1,g,Xanthan Gum,Alt measurement: ¼ TSP
Lactose Free,Pistachio,87,Base,400G FAT FREE ULTRA-FILTERED MILK,400,g,Fat Free Ultra-Filtered Milk,
Lactose Free,Pistachio,87,Base,20G PISTACHIO BUTTER (OR PISTACHIO CREAM),20,g,Pistachio Butter,OR PISTACHIO CREAM
Lactose Free,Pistachio,87,Base,30-35G SWEETENER (CODE ELI15 SAVES YOU 15%),30-35,g,Sweetener,CODE ELI15 SAVES YOU 15%
Lactose Free,Pistachio,87,Base,5G (1 TSP) VANILLA BEAN PASTE (OR EXTRACT),5,g,Vanilla Bean Paste,Alt measurement: 1 TSP; OR EXTRACT
Lactose Free,Pistachio,87,Base,A PINCH OF SALT,A pinch,pinch,Salt,
Lactose Free,Pistachio,87,Base,1G (¼ TSP) XANTHAN GUM,1,g,Xanthan Gum,Alt measurement: ¼ TSP
Lactose Free,Pistachio Pistachio,89,Base,400G FAT FREE ULTRA-FILTERED MILK,400,g,Fat Free Ultra-Filtered Milk,
Lactose Free,Pistachio Pistachio,89,Base,30-35G SWEETENER (CODE ELI15 SAVES YOU 15%),30-35,g,Sweetener,CODE ELI15 SAVES YOU 15%
Lactose Free,Pistachio Pistachio,89,Base,20G PISTACHIO BUTTER (OR PISTACHIO CREAM),20,g,Pistachio Butter,OR PISTACHIO CREAM
Lactose Free,Pistachio Pistachio,89,Base,½ TSP SUGAR-FREE PISTACHIO SYRUP (OPTIONAL),½,tsp,Sugar-Free Pistachio Syrup,OPTIONAL
Lactose Free,Pistachio Pistachio,89,Base,5G (1 TSP) VANILLA BEAN PASTE (OR EXTRACT),5,g,Vanilla Bean Paste,Alt measurement: 1 TSP; OR EXTRACT
Lactose Free,Pistachio Pistachio,89,Base,A PINCH OF SALT,A pinch,pinch,Salt,
Lactose Free,Pistachio Pistachio,89,Base,1G (¼ TSP) XANTHAN GUM,1,g,Xanthan Gum,Alt measurement: ¼ TSP
Lactose Free,Pistachio Pistachio,89,Mix-in,"10G ROASTED, SALTED PISTACHIOS, CHOPPED",10,g,"Roasted, Salted Pistachios, Chopped",
Lactose Free,Pumpkin Pie Blizzard,91,Base,400G FAT FREE ULTRA-FILTERED MILK,400,g,Fat Free Ultra-Filtered Milk,
Lactose Free,Pumpkin Pie Blizzard,91,Base,40-45G SWEETENER (CODE ELI15 SAVES YOU 15%),40-45,g,Sweetener,CODE ELI15 SAVES YOU 15%
Lactose Free,Pumpkin Pie Blizzard,91,Base,60G CANNED PUMPKIN,60,g,Canned Pumpkin,
Lactose Free,Pumpkin Pie Blizzard,91,Base,2.5G (½ TSP) VANILLA BEAN PASTE (OR EXTRACT),2.5,g,Vanilla Bean Paste,Alt measurement: ½ TSP; OR EXTRACT
Lactose Free,Pumpkin Pie Blizzard,91,Base,2G (½ TSP) PUMPKIN PIE SPICE,2,g,Pumpkin Pie Spice,Alt measurement: ½ TSP
Lactose Free,Pumpkin Pie Blizzard,91,Base,A PINCH OF SALT,A pinch,pinch,Salt,
Lactose Free,Pumpkin Pie Blizzard,91,Base,1G (¼ TSP) XANTHAN GUM,1,g,Xanthan Gum,Alt measurement: ¼ TSP
Lactose Free,Pumpkin Pie Blizzard,91,Mix-in,1 MINI PIE CRUST (100 CALORIES),1,mini,Pie Crust,100 CALORIES
Lactose Free,Pumpkin Spice,93,Base,400G FAT FREE ULTRA-FILTERED MILK,400,g,Fat Free Ultra-Filtered Milk,
Lactose Free,Pumpkin Spice,93,Base,40-45G SWEETENER (CODE ELI15 SAVES YOU 15%),40-45,g,Sweetener,CODE ELI15 SAVES YOU 15%
Lactose Free,Pumpkin Spice,93,Base,60G PURE PUMPKIN (NOT PUMPKIN PIE FILLING),60,g,Pure Pumpkin,NOT PUMPKIN PIE FILLING
Lactose Free,Pumpkin Spice,93,Base,5G (1 TSP) VANILLA EXTRACT OR VANILLA BEAN PASTE,5,g,Vanilla Extract Or Vanilla Bean Paste,Alt measurement: 1 TSP
Lactose Free,Pumpkin Spice,93,Base,2G (½ TSP) PUMPKIN PIE SPICE,2,g,Pumpkin Pie Spice,Alt measurement: ½ TSP
Lactose Free,Pumpkin Spice,93,Base,1G (¼ TSP) SALT,1,g,Salt,Alt measurement: ¼ TSP
Lactose Free,Pumpkin Spice,93,Base,1G (¼ TSP) XANTHAN GUM,1,g,Xanthan Gum,Alt measurement: ¼ TSP
Lactose Free,Pumpkin Spice Latte,95,Base,400G FAT FREE ULTRA-FILTERED MILK,400,g,Fat Free Ultra-Filtered Milk,
Lactose Free,Pumpkin Spice Latte,95,Base,40-45G SWEETENER (CODE ELI15 SAVES YOU 15%),40-45,g,Sweetener,CODE ELI15 SAVES YOU 15%
Lactose Free,Pumpkin Spice Latte,95,Base,60G CANNED PUMPKIN,60,g,Canned Pumpkin,
Lactose Free,Pumpkin Spice Latte,95,Base,1 SHOT ESPRESSO (FEEL FREE TO SUB FOR 1 TBSP OF INSTANT COFFEE OR A COMETEER POD),1,shot,Espresso,Alt measurement: FEEL FREE TO SUB FOR 1 TBSP OF INSTANT COFFEE OR A COMETEER POD
Lactose Free,Pumpkin Spice Latte,95,Base,(OPTIONAL) 1 TBSP LACTOSE-FREE COFFEE CREAMER,1,tbsp,Lactose-Free Coffee Creamer,Optional
Lactose Free,Pumpkin Spice Latte,95,Base,2.5G (½ TSP) VANILLA BEAN PASTE (OR EXTRACT),2.5,g,Vanilla Bean Paste,Alt measurement: ½ TSP; OR EXTRACT
Lactose Free,Pumpkin Spice Latte,95,Base,2G (½ TSP) PUMPKIN PIE SPICE,2,g,Pumpkin Pie Spice,Alt measurement: ½ TSP
Lactose Free,Pumpkin Spice Latte,95,Base,A PINCH OF SALT,A pinch,pinch,Salt,
Lactose Free,Pumpkin Spice Latte,95,Base,1G (¼ TSP) XANTHAN GUM,1,g,Xanthan Gum,Alt measurement: ¼ TSP
Lactose Free,Red Velvet,97,Base,1 LACTOSE-FREE CHOCOLATE PROTEIN SHAKE (350-400ML),1,,Lactose-Free Chocolate Protein Shake,350-400ML
Lactose Free,Red Velvet,97,Base,1 TSP RED VELVET EXTRACT (I USED LORANN'S RED VELVET BAKERY EMULSION),1,tsp,Red Velvet Extract,I USED LORANN'S RED VELVET BAKERY EMULSION
Lactose Free,Red Velvet,97,Base,20-25G SWEETENER (CODE ELI15 SAVES YOU 15%),20-25,g,Sweetener,CODE ELI15 SAVES YOU 15%
Lactose Free,Red Velvet,97,Base,A PINCH OF SALT,A pinch,pinch,Salt,
Lactose Free,Red Velvet,97,Base,1G (¼ TSP) XANTHAN GUM,1,g,Xanthan Gum,Alt measurement: ¼ TSP
Lactose Free,Rocky Road,99,Base,1 LACTOSE-FREE CHOCOLATE PROTEIN SHAKE (350-400ML),1,,Lactose-Free Chocolate Protein Shake,350-400ML
Lactose Free,Rocky Road,99,Base,20G SWEETENER (CODE ELI15 SAVES YOU 15%),20,g,Sweetener,CODE ELI15 SAVES YOU 15%
Lactose Free,Rocky Road,99,Base,10G COCOA POWDER,10,g,Cocoa Powder,
Lactose Free,Rocky Road,99,Base,A PINCH OF SALT,A pinch,pinch,Salt,
Lactose Free,Rocky Road,99,Base,1G (¼ TSP) XANTHAN GUM,1,g,Xanthan Gum,Alt measurement: ¼ TSP
Lactose Free,Rocky Road,99,Mix-in,10G NUTS OF CHOICE,10,g,Nuts Of Choice,
Lactose Free,Rocky Road,99,Mix-in,10G MINI LUCKY-CHARMS-STYLE MARSHMALLOWS (I USED THE ONES FROM JET PUFFED),10,g,Mini Lucky-Charms-Style Marshmallows,I USED THE ONES FROM JET PUFFED
Lactose Free,Root Beer Float,101,Base,8 OZ LACTOSE-FREE VANILLA PROTEIN SHAKE,8,oz,Lactose-Free Vanilla Protein Shake,
Lactose Free,Root Beer Float,101,Base,8 OZ DIET ROOT BEER (A&W IS THE BEST DIET ROOT BEER),8,oz,Diet Root Beer,A&W IS THE BEST DIET ROOT BEER
Lactose Free,Root Beer Float,101,Base,20-25G SWEETENER (CODE ELI15 SAVES YOU 15%),20-25,g,Sweetener,CODE ELI15 SAVES YOU 15%
Lactose Free,Root Beer Float,101,Base,A PINCH OF SALT,A pinch,pinch,Salt,
Lactose Free,Root Beer Float,101,Base,1G (¼ TSP) XANTHAN GUM,1,g,Xanthan Gum,Alt measurement: ¼ TSP
Lactose Free,Shamrock Shake,103,Base,1 LACTOSE-FREE VANILLA PROTEIN SHAKE (350-400ML),1,,Lactose-Free Vanilla Protein Shake,350-400ML
Lactose Free,Shamrock Shake,103,Base,20G SWEETENER (CODE ELI15 SAVES YOU 15%),20,g,Sweetener,CODE ELI15 SAVES YOU 15%
Lactose Free,Shamrock Shake,103,Base,2.5G (½ TSP) VANILLA BEAN PASTE (OR EXTRACT),2.5,g,Vanilla Bean Paste,Alt measurement: ½ TSP; OR EXTRACT
Lactose Free,Shamrock Shake,103,Base,⅛ TSP PEPPERMINT EXTRACT,⅛,tsp,Peppermint Extract,
Lactose Free,Shamrock Shake,103,Base,1 TSP PEPPERMINT BARK SKINNY SYRUPS (OPTIONAL),1,tsp,Peppermint Bark Skinny Syrups,OPTIONAL
Lactose Free,Shamrock Shake,103,Base,2-3 DROPS GREEN FOOD COLORING (OPTIONAL),2-3,drops,Green Food Coloring,OPTIONAL
Lactose Free,Shamrock Shake,103,Base,A PINCH OF SALT,A pinch,pinch,Salt,
Lactose Free,Shamrock Shake,103,Base,1G (¼ TSP) XANTHAN GUM,1,g,Xanthan Gum,Alt measurement: ¼ TSP
Lactose Free,Strawberry,105,Base,1 LACTOSE-FREE STRAWBERRY PROTEIN SHAKE (350-400ML),1,,Lactose-Free Strawberry Protein Shake,350-400ML
Lactose Free,Strawberry,105,Base,20-25G SWEETENER (CODE ELI15 SAVES YOU 15%),20-25,g,Sweetener,CODE ELI15 SAVES YOU 15%
Lactose Free,Strawberry,105,Base,A PINCH OF SALT,A pinch,pinch,Salt,
Lactose Free,Strawberry,105,Base,1G (¼ TSP) XANTHAN GUM,1,g,Xanthan Gum,Alt measurement: ¼ TSP
Lactose Free,Strawberry Banana,107,Base,1 LACTOSE-FREE STRAWBERRY PROTEIN SHAKE (350-400ML),1,,Lactose-Free Strawberry Protein Shake,350-400ML
Lactose Free,Strawberry Banana,107,Base,1 MEDIUM SIZE BANANA (~113G),1,medium,Size Banana,~113G
Lactose Free,Vanilla (Milk),109,Base,400G FAT FREE ULTRA-FILTERED MILK,400,g,Fat Free Ultra-Filtered Milk,
Lactose Free,Vanilla (Milk),109,Base,40-45G SWEETENER (CODE ELI15 SAVES YOU 15%),40-45,g,Sweetener,CODE ELI15 SAVES YOU 15%
Lactose Free,Vanilla (Milk),109,Base,5G (1 TSP) VANILLA BEAN PASTE (OR EXTRACT),5,g,Vanilla Bean Paste,Alt measurement: 1 TSP; OR EXTRACT
Lactose Free,Vanilla (Milk),109,Base,A PINCH OF SALT,A pinch,pinch,Salt,
Lactose Free,Vanilla (Milk),109,Base,1G (¼ TSP) XANTHAN GUM,1,g,Xanthan Gum,Alt measurement: ¼ TSP
Lactose Free,Vanilla (Protein Shake),111,Base,1 LACTOSE-FREE VANILLA PROTEIN SHAKE,1,,Lactose-Free Vanilla Protein Shake,
Lactose Free,Vanilla (Protein Shake),111,Base,20-25G SWEETENER (CODE ELI15 SAVES YOU 15%)),20-25,g,Sweetener),CODE ELI15 SAVES YOU 15%
Lactose Free,Vanilla (Protein Shake),111,Base,2.5G (½ TSP) VANILLA BEAN PASTE (OR EXTRACT),2.5,g,Vanilla Bean Paste,Alt measurement: ½ TSP; OR EXTRACT
Lactose Free,Vanilla (Protein Shake),111,Base,1G (¼ TSP) SALT,1,g,Salt,Alt measurement: ¼ TSP
Lactose Free,Vanilla (Protein Shake),111,Base,1G (¼ TSP) XANTHAN GUM,1,g,Xanthan Gum,Alt measurement: ¼ TSP
Lactose Free,Watermelon Sorbet,113,Base,1-1.5 CUPS OF WATERMELON,1-1.5,cups,Watermelon,
Lactose Free,Watermelon Sorbet,113,Base,SPRITE ZERO UNTIL THE FILL LINE,,,Sprite Zero Until The Fill Line,
